﻿{
  "stores": {
    "main-menu-title": "Stores",
    "blades": {
      "stores-list": {
        "title": "Stores",
        "labels": {
          "no-stores": "No Stores yet",
          "name": "Name"
        }
      },
      "paymentMethod-detail": {
        "subtitle": "Edit payment method",
        "labels": {
          "is-active": "Is active",
          "is-partial-payments-available": "Is partial payments available",
          "name": "Name",
          "code": "Code",
          "description": "Description",
          "settings": "Settings"
        },
        "placeholders": {
          "description": "Enter description"
        }
      },
      "paymentMethod-list": {
        "subtitle": "Edit payment method",
        "labels": {
          "is-active": "Is active",
          "payment-method": "Payment method",
          "note": "Set the order how payment methods appear sorted in web store. Drag and drop to change the order."
        },
        "placeholders": {
          "description": "Enter description"
        }
      },
      "shippingMethod-detail": {
        "subtitle": "Edit shipping method",
        "labels": {
          "is-active": "Is active",
          "name": "Name",
          "code": "Code",
          "tax-type": "Tax type",
          "description": "Description",
          "settings": "Settings"
        },
        "placeholders": {
          "tax-type": "Select...",
          "description": "Enter description"
        }
      },
      "shippingMethod-list": {
        "subtitle": "",
        "labels": {
          "is-active": "Is active",
          "shipping-method": "Shipping method",
          "note": "Set the order how shipping methods appear sorted in web store. Drag and drop to change the order."
        }
      },
      "store-advanced": {
        "subtitle": "",
        "labels": {
          "description": "Description",
          "store-url": "Store URL",
          "secure-url": "Secure URL",
          "store-country": "Store country",
          "store-region": "Store region",
          "store-email": "Store email",
          "store-admin-email": "Store admin email",
          "fulfillment-center": "Fulfillment center",
          "returns-fulfillment-center": "Returns Fulfillment center",
          "additional-fulfillment-centers": "Fulfillment centers",
          "additional-returns-fulfillment-centers": "Returns fulfillment centers",
          "operational-timezone": "Operational timezone"
        },
        "placeholders": {
          "description": "Enter description",
          "store-url": "Enter URL",
          "secure-url": "Enter secure URL",
          "store-country": "Select ...",
          "store-region": "Enter region",
          "store-email": "Enter value",
          "store-admin-email": "Enter value",
          "fulfillment-center": "Select...",
          "returns-fulfillment-center": "Select...",
          "operational-timezone": "Select..."
        }
      },
      "store-detail": {
        "subtitle": "Store details",
        "labels": {
          "code": "Code",
          "name": "Name",
          "catalog": "Catalog",
          "state": "State",
          "default-language": "Default language",
          "additional-languages": "Additional languages",
          "default-currency": "Default currency",
          "additional-currencies": "Additional currencies",
          "linked-stores": "Linked stores (Customers can use theirs credentials here)"
        },
        "placeholders": {
          "code": "Enter code",
          "name": "Enter name",
          "catalog": "Select...",
          "state": "Select...",
          "default-language": "Select...",
          "additional-languages": "Select...",
          "default-currency": "Select...",
          "additional-currencies": "Select...",
          "linked-stores": "This store has no linked stores"
        },
        "descriptions": {
          "code": "Will use as Store primary key and in storefront as part of url for store selection",
          "name": "Display name for store to represent in manager",
          "catalog": "A physical or virtual catalog associated with this store",
          "state": "Current store state",
          "default-language": "Primary language for this store",
          "default-currency": "Primary currency for this store"
        } 
      },
      "new-store-wizard": {
        "title": "New Store",
        "subtitle": "Create new Store"
      },
      "taxProvider-detail": {
        "subtitle": "Edit tax provider",
        "labels": {
          "name": "Name",
          "code": "Code",
          "description": "Description",
          "settings": "Settings"
        },
        "placeholders": {
          "description": "Enter description"
        }
      },
      "taxProvider-list": {
        "subtitle": "",
        "labels": {
          "is-active": "Is active",
          "tax-provider": "Tax provider"
        }
      },
      "loginOnBehalf-list": {
        "title": "Login as {{name}}",
        "labels": {
          "pick-store-to-login": "Pick a Store to login",
          "no-stores": "No Stores yet"
        },
        "validations": {
          "secure-url-missing": "Secure URL is missing. Click to open Store details.",
          "default-language-missing": "Default language is missing. Click to open Store details."
        }
      },
      "account-detail": {
        "labels": {
          "container-id": "Container (store)"
        }
      }
    },
    "widgets": {
      "assetsWidget": {
        "title": "Assets"
      },
      "storeAdvancedWidget": {
        "title": "Advanced properties",
        "blade-subtitle": "Advanced properties"
      },
      "storeNotificationsLogWidget": {
        "title": "Notification log",
        "blade-subtitle": "Notifications log",
        "blade-title": "Store {{id}} notification sending log"
      },
      "storeNotificationsWidget": {
        "title": "Notification",
        "blade-subtitle": "Notifications service",
        "blade-title": "Store {{id}} notification types list"
      },
      "storePaymentsWidget": {
        "title": "Payment methods",
        "blade-subtitle": "Payment methods"
      },
      "storeSettingsWidget": {
        "title": "Settings",
        "blade-subtitle": "Settings"
      },
      "storeShippingWidget": {
        "title": "Shipping methods",
        "blade-subtitle": "Shipping methods"
      },
      "storeTaxingWidget": {
        "title": "Tax providers",
        "blade-subtitle": "Tax providers"
      }
    },
    "dialogs": {
      "store-delete": {
        "title": "Delete confirmation",
        "message": "Are you sure you want to delete this Store?"
      },
      "store-save": {
        "title": "Save changes",
        "message": "The Store has been modified. Do you want to save changes?"
      }
    },
    "commands": {
      "login-on-behalf": "Login on behalf"
    }
  }
}