﻿{
  "quotes": {
    "main-menu-title": "Quotes",
    "blades": {
      "quotes-assets": {
        "subtitle": "Quote attachments",
        "labels": {
          "drag-note": "Drag and drop files here",
          "select-files": "Select files",
          "progress": "Progress",
          "type": "Type",
          "name": "Name",
          "actions": "Actions"
        }
      },
      "quote-detail": {
        "subtitle": "Quote details",
        "labels": {
          "customer": "Customer",
          "created": "Created",
          "customer-organization": "Customer organization",
          "last-updated": "Last updated",
          "status": "Status",
          "expiry-date": "Expiry date",
          "assigned-to": "Assigned to",
          "rfq-from": "RFQ from",
          "reminder-date": "Reminder date",
          "general-comment": "General comment",
          "internal-comment": "Internal comment"
        },
        "placeholders": {
          "status": "Select...",
          "expiry-date": "Choose date",
          "assigned-to": "Select...",
          "rfq-from": "Select a store",
          "reminder-date": "Choose date",
          "general-comment": "Public comment",
          "internal-comment": "Internal comment"
        }
      },
      "quote-items": {
        "title": "{{title}} line items",
        "subtitle": "Edit line items",
        "labels": {
          "new-subtotal": "New subtotal",
          "relative-discount": "Relative discount",
          "shipping-method": "Shipping method",
          "manual-shipping-total": "Manual shipping total",
          "sub-total-placed": "Sub Total (placed)",
          "adjustment-quote": "Adjustment Quote",
          "sub-total": "Sub Total",
          "shipping": "Shipping",
          "discount": "Discount",
          "grand-total": "Grand Total",
          "taxes": "Taxes",
          "grand-total-incl-tax": "Grand Total (Incl. Taxes)",
          "picture": "Pic",
          "comment": "Comment with product",
          "list-price": "List price",
          "sale-price": "Sale price",
          "quantity": "Quantity",
          "proposed-price": "Proposed price",
          "margin": "Margin (GP)",
          "product": "Product",
          "sku": "SKU"
        },
        "placeholders": {
          "shipping-method": "Select...",
          "comment": "Enter comment"
        }
      },
      "quotes-list": {
        "title": "Quotes",
        "labels": {
          "quote-number": "Quote #",
          "status": "Status",
          "items-count": "Items count",
          "customer": "Customer",
          "created": "Created",
          "no-quotes": "No Quotes yet"
        }
      },
      "catalog-items-select": {
        "title": "Add item to quote"
      }
    },
    "widgets": {
      "quote-address": {
        "address-type": "Address type",
        "no-address": "No address",
        "blade-subtitle": "Manage addresses"
      },
      "quotes-assets": {
        "title": "Attachments"
      },
      "quote-items": {
        "title": "Line items"
      },
      "quote-totals": {
        "sub-total": "Sub total",
        "shipping": "Shipping",
        "discount": "Discount",
        "grand-total": "Grand Total"
      }
    },
    "dialogs": {
      "quote-requests-delete": {
        "title": "Delete confirmation",
        "message": "Are you sure you want to delete selected Quote Requests?"
      },
      "quote-delete": {
        "title": "Delete confirmation",
        "message": "Are you sure you want to delete this Quote?"
      },
      "quote-save": {
        "title": "Save changes",
        "message": "The Quote has been modified. Do you want to save changes?"
      },
      "quote-cancel": {
        "title": "Cancel Quote",
        "message": "Are you sure you want to cancel this quote?",
        "placeholders": {
          "reason": "Enter cancel reason here..."
        }

      },
      "proposal-delete": {
        "title": "Proposal confirmation",
        "message": "Only limited modifications are available after proposal is sent. Are you sure you want to send this proposal to customer?"
      },
      "hold-confirmation": {
        "title": "On Hold confirmation",
        "message-release": "Are you sure you want to release Hold from this quote?",
        "message-place": "Are you sure you want to place On Hold this quote?"
      }
    },
    "commands": {
      "release-hold": "Release Hold",
      "place-on-hold": "Place On Hold",
      "submit-proposal": "Submit proposal",
      "cancel-document": "Cancel document",
      "add-selected": "Add selected",
      "add-item": "Add item"
    }
  }
}
