﻿{
    "pricing": {
        "main-menu-title": "Pricing",
        "blades": {
            "pricing-main": {
                "title": "Pricing",
                "subtitle": "Merchandise management",
                "menu": {
                    "pricelist-list": {
                        "title": "Price lists"
                    },
                    "pricelist-assignment-list": {
                        "title": "Price list assignments"
                    }
                }
            },
            "pricelist-list": {
                "subtitle": "Manage Price lists",
                "labels": {
                    "name": "Name",
                    "currency": "Currency",
                    "last-modified": "Modified"
                }
            },
            "pricelist-detail": {
                "title-new": "New Price list",
                "labels": {
                    "name": "Name",
                    "currency": "Currency",
                    "description": "Description"
                },
                "placeholders": {
                    "name": "Enter name",
                    "currency": "Select...",
                    "description": "Enter description"
                }
            },
            "pricelist-item-list": {
                "subtitle": "Select Product to manage Prices",
                "labels": {
                    "picture": "Pic",
                    "item-name": "Item name",
                    "item-code": "Item code",
                    "price-range": "Price range",
                    "prices-count": "Prices count"
                },
                "placeholders": {
                    "search-item": "Search Item by name..."
                }
            },
            "prices-list": {
                "title": "Prices for {{name}}",
                "subtitle": "Edit prices",
                "labels": {
                    "currency": "Currency",
                    "list-price": "List price",
                    "sale-price": "Sale price",
                    "min-quantity": "Min. quantity",
                    "last-modified": "Modified"
                }
            },
            "pricelist-assignment-list": {
                "subtitle": "Manage assigned catalogs",
                "labels": {
                    "assignment-name": "Assignment name",
                    "catalog": "Catalog",
                    "priority": "Priority"
                }
            },
            "assignment-list": {
                "subtitle": "Merchandise management",
                "labels": {
                    "name": "Name",
                    "catalog": "Catalog",
                    "pricelist": "Price list",
                    "pricelist-currency":  "Currency",
                    "priority": "Priority",
                    "last-modified": "Modified",
                    "modified-by": "Modified by"
                }
            },
            "assignment-detail": {
                "new-title": "New price list assignment",
                "subtitle": "Edit catalog assignment",
                "labels": {
                    "assignment-name": "Assignment name",
                    "price-list": "Price list",
                    "catalog": "Catalog",
                    "priority": "Priority",
                    "priority-description": "The higher will be used first",
                    "description": "Description",
                    "enable-date": "Enable date",
                    "enable-date-description": "Leave blank if always available",
                    "expiration-date": "Expiration date",
                    "expiration-date-description": "Leave blank if always available",
                    "eligible-shoppers": "Eligible shoppers"
                },
                "placeholders": {
                    "assignment-name": "Enter name",
                    "price-list": "Select...",
                    "catalog": "Select...",
                    "description": "Enter description"
                }
            },
            "item-pricelists-list": {
                "subtitle": "Select Price list to manage prices",
                "labels": {
                    "name": "Price List",
                    "currency": "Currency",
                    "priority": "Priority",
                    "prices-count": "Prices count"
                },
                "no-assignments": "Catalog does not have assigned price lists. Please assign a price list by following this link ",
                "manage-pricelists": "Manage pricing"
            },
            "item-prices": {
                "title": "Prices for {{name}}",
                "subtitle": "Edit prices",
                "head-label": "Price list for new price",
                "pricelist-select-placeholder": "Select a pricelist to add new price...",
                "labels": {
                    "name": "Price List",
                    "currency": "Currency",
                    "catalog": "Catalog",
                    "list-price": "List price",
                    "sale-price": "Sale price",
                    "min-quantity": "Min. quantity"
                }
            }
        },
        "widgets": {
            "assignments": {
                "title": "Assignments"
            },
            "itemPricesWidget": {
                "title": "Price",
                "assign-pricelist": "Assign Price list"
            },
            "prices": {
                "title": "Prices"
            }
        },
        "dialogs": {
            "assignments-delete": {
                "title": "Delete confirmation",
                "message": "Are you sure you want to delete selected price list assignments?"
            },
            "pricelists-delete": {
                "title": "Delete confirmation",
                "message": "Are you sure you want to delete selected Price lists?"
            },
            "pricelist-item-list-delete": {
                "title": "Delete confirmation",
                "message": "Are you sure you want to delete ALL prices for selected Products in this Price list?"
            },
            "item-prices-delete": {
                "title": "Delete confirmation",
                "message": "Are you sure you want to delete selected Prices?"
            },
            "prices-save": {
                "title": "Save changes",
                "message": "The Prices has been modified. Do you want to save changes?"
            },
            "pricelist-save": {
                "title": "Save changes",
                "message": "The Price list has been modified. Do you want to save changes?"
            },
            "assignment-save": {
                "title": "Save changes",
                "message": "The catalog assignment has been modified. Do you want to save changes?"
            }
        },
        "commands": {
            "add-selected": "Add selected"
        }
    }
}
