﻿{
  "FulfillmentCenters": [
    {
      "Name": "Vendor Fulfillment Center",
      "MaxReleasesPerPickBatch": 20,
      "PickDelay": 30,
      "DaytimePhoneNumber": "3232323232",
      "Line1": "1232 Wilshire Blvd",
      "City": "Los Angeles",
      "StateProvince": "California",
      "CountryCode": "USA",
      "CountryName": "United States",
      "PostalCode": "90234",
      "Id": "vendor-fulfillment"
    }
  ],
  "Currencies": [
    {
      "Code": "USD",
      "Name": "US dollar",
      "IsPrimary": true,
      "ExchangeRate": 1.0000,
      "Symbol": "$"
    },
    {
      "Code": "EUR",
      "Name": "Euro",
      "IsPrimary": false,
      "ExchangeRate": 1.2400
    },
    {
      "Code": "XPT",
      "Name": "Points",
      "IsPrimary": false,
      "ExchangeRate": 1.0000,
      "Symbol": "Pt.",
      "CustomFormatting": "0 Pt."
    }
  ],
  "PackageTypes": []
}