﻿{"MembersTotalCount":16,"Members":[{"$type":"VirtoCommerce.Domain.Customer.Model.Vendor, VirtoCommerce.Domain","Description":"Samsung electronics","SiteUrl":"http://samsung.com","LogoUrl":null,"GroupName":null,"SeoObjectType":"Vendor","SeoInfos":null,"Name":"samsung","MemberType":"Vendor","Addresses":{"$type":"System.Collections.Generic.List`1[[VirtoCommerce.Domain.Commerce.Model.Address, VirtoCommerce.Domain]], mscorlib","$values":[]},"Phones":{"$type":"System.Collections.Generic.List`1[[System.String, mscorlib]], mscorlib","$values":[]},"Emails":{"$type":"System.Collections.Generic.List`1[[System.String, mscorlib]], mscorlib","$values":[]},"Notes":{"$type":"System.Collections.Generic.List`1[[VirtoCommerce.Domain.Customer.Model.Note, VirtoCommerce.Domain]], mscorlib","$values":[]},"Groups":{"$type":"System.Collections.Generic.List`1[[System.String, mscorlib]], mscorlib","$values":[]},"ObjectType":null,"DynamicProperties":null,"CreatedDate":"2016-12-26T07:19:38.263","ModifiedDate":"2016-12-26T07:19:38.263","CreatedBy":"admin","ModifiedBy":"admin","Id":"94597fe09f634914a5fdf76c6ba86b04"},{"$type":"VirtoCommerce.Domain.Customer.Model.Organization, VirtoCommerce.Domain","Description":"sample data","BusinessCategory":"fictional company","OwnerId":null,"ParentId":null,"Name":"Contoso Ltd.","MemberType":"Organization","Addresses":{"$type":"System.Collections.Generic.List`1[[VirtoCommerce.Domain.Commerce.Model.Address, VirtoCommerce.Domain]], mscorlib","$values":[]},"Phones":{"$type":"System.Collections.Generic.List`1[[System.String, mscorlib]], mscorlib","$values":[]},"Emails":{"$type":"System.Collections.Generic.List`1[[System.String, mscorlib]], mscorlib","$values":[]},"Notes":{"$type":"System.Collections.Generic.List`1[[VirtoCommerce.Domain.Customer.Model.Note, VirtoCommerce.Domain]], mscorlib","$values":[]},"Groups":{"$type":"System.Collections.Generic.List`1[[System.String, mscorlib]], mscorlib","$values":[]},"ObjectType":null,"DynamicProperties":null,"CreatedDate":"2015-10-06T22:39:43.483","ModifiedDate":"2015-10-06T22:39:43.483","CreatedBy":"unknown","ModifiedBy":"unknown","Id":"f081c52234754c9c8229aa42d6a19220"},{"$type":"VirtoCommerce.Domain.Customer.Model.Organization, VirtoCommerce.Domain","Description":null,"BusinessCategory":null,"OwnerId":null,"ParentId":null,"Name":"Contoso Hotel","MemberType":"Organization","Addresses":{"$type":"System.Collections.Generic.List`1[[VirtoCommerce.Domain.Commerce.Model.Address, VirtoCommerce.Domain]], mscorlib","$values":[]},"Phones":{"$type":"System.Collections.Generic.List`1[[System.String, mscorlib]], mscorlib","$values":[]},"Emails":{"$type":"System.Collections.Generic.List`1[[System.String, mscorlib]], mscorlib","$values":[]},"Notes":{"$type":"System.Collections.Generic.List`1[[VirtoCommerce.Domain.Customer.Model.Note, VirtoCommerce.Domain]], mscorlib","$values":[]},"Groups":{"$type":"System.Collections.Generic.List`1[[System.String, mscorlib]], mscorlib","$values":[]},"ObjectType":null,"DynamicProperties":null,"CreatedDate":"2015-10-06T22:39:43.51","ModifiedDate":"2015-10-06T22:39:43.51","CreatedBy":"unknown","ModifiedBy":"unknown","Id":"b23252dafacc4bd0b6e2489d36c51684"},{"$type":"VirtoCommerce.Domain.Customer.Model.Organization, VirtoCommerce.Domain","Description":null,"BusinessCategory":null,"OwnerId":null,"ParentId":null,"Name":"Contoso Bank","MemberType":"Organization","Addresses":{"$type":"System.Collections.Generic.List`1[[VirtoCommerce.Domain.Commerce.Model.Address, VirtoCommerce.Domain]], mscorlib","$values":[]},"Phones":{"$type":"System.Collections.Generic.List`1[[System.String, mscorlib]], mscorlib","$values":[]},"Emails":{"$type":"System.Collections.Generic.List`1[[System.String, mscorlib]], mscorlib","$values":[]},"Notes":{"$type":"System.Collections.Generic.List`1[[VirtoCommerce.Domain.Customer.Model.Note, VirtoCommerce.Domain]], mscorlib","$values":[]},"Groups":{"$type":"System.Collections.Generic.List`1[[System.String, mscorlib]], mscorlib","$values":[]},"ObjectType":null,"DynamicProperties":null,"CreatedDate":"2015-10-06T22:39:43.57","ModifiedDate":"2015-10-06T22:39:43.57","CreatedBy":"unknown","ModifiedBy":"unknown","Id":"689a72757c754bef97cde51afc663430"},{"$type":"VirtoCommerce.Domain.Customer.Model.Organization, VirtoCommerce.Domain","Description":null,"BusinessCategory":null,"OwnerId":null,"ParentId":null,"Name":"Fabrikam, Inc.","MemberType":"Organization","Addresses":{"$type":"System.Collections.Generic.List`1[[VirtoCommerce.Domain.Commerce.Model.Address, VirtoCommerce.Domain]], mscorlib","$values":[]},"Phones":{"$type":"System.Collections.Generic.List`1[[System.String, mscorlib]], mscorlib","$values":[]},"Emails":{"$type":"System.Collections.Generic.List`1[[System.String, mscorlib]], mscorlib","$values":[]},"Notes":{"$type":"System.Collections.Generic.List`1[[VirtoCommerce.Domain.Customer.Model.Note, VirtoCommerce.Domain]], mscorlib","$values":[]},"Groups":{"$type":"System.Collections.Generic.List`1[[System.String, mscorlib]], mscorlib","$values":[]},"ObjectType":null,"DynamicProperties":null,"CreatedDate":"2015-10-06T22:39:42.913","ModifiedDate":"2015-10-06T22:39:42.913","CreatedBy":"unknown","ModifiedBy":"unknown","Id":"3407620e4b7442488d8a91b9c5e4c085"},{"$type":"VirtoCommerce.Domain.Customer.Model.Contact, VirtoCommerce.Domain","Salutation":null,"FullName":"Ellen Adams","FirstName":null,"MiddleName":null,"LastName":null,"BirthDate":null,"DefaultLanguage":null,"TimeZone":null,"Organizations":{"$type":"System.Collections.Generic.List`1[[System.String, mscorlib]], mscorlib","$values":[]},"TaxPayerId":null,"PreferredDelivery":null,"PreferredCommunication":null,"SecurityAccounts":{"$type":"System.Collections.Generic.List`1[[VirtoCommerce.Platform.Core.Security.ApplicationUserExtended, VirtoCommerce.Platform.Core]], mscorlib","$values":[]},"Name":"Ellen Adams","MemberType":"Contact","Addresses":{"$type":"System.Collections.Generic.List`1[[VirtoCommerce.Domain.Commerce.Model.Address, VirtoCommerce.Domain]], mscorlib","$values":[]},"Phones":{"$type":"System.Collections.Generic.List`1[[System.String, mscorlib]], mscorlib","$values":[]},"Emails":{"$type":"System.Collections.Generic.List`1[[System.String, mscorlib]], mscorlib","$values":[]},"Notes":{"$type":"System.Collections.Generic.List`1[[VirtoCommerce.Domain.Customer.Model.Note, VirtoCommerce.Domain]], mscorlib","$values":[]},"Groups":{"$type":"System.Collections.Generic.List`1[[System.String, mscorlib]], mscorlib","$values":[]},"ObjectType":null,"DynamicProperties":null,"CreatedDate":"2015-10-06T22:39:44.33","ModifiedDate":"2015-10-06T22:39:44.33","CreatedBy":"unknown","ModifiedBy":"unknown","Id":"fed2902665164243bec2dcf184184b23"},{"$type":"VirtoCommerce.Domain.Customer.Model.Contact, VirtoCommerce.Domain","Salutation":null,"FullName":"Barny Collins","FirstName":null,"MiddleName":null,"LastName":null,"BirthDate":null,"DefaultLanguage":null,"TimeZone":null,"Organizations":{"$type":"System.Collections.Generic.List`1[[System.String, mscorlib]], mscorlib","$values":[]},"TaxPayerId":null,"PreferredDelivery":null,"PreferredCommunication":null,"SecurityAccounts":{"$type":"System.Collections.Generic.List`1[[VirtoCommerce.Platform.Core.Security.ApplicationUserExtended, VirtoCommerce.Platform.Core]], mscorlib","$values":[]},"Name":"Barny Collins","MemberType":"Contact","Addresses":{"$type":"System.Collections.Generic.List`1[[VirtoCommerce.Domain.Commerce.Model.Address, VirtoCommerce.Domain]], mscorlib","$values":[]},"Phones":{"$type":"System.Collections.Generic.List`1[[System.String, mscorlib]], mscorlib","$values":[]},"Emails":{"$type":"System.Collections.Generic.List`1[[System.String, mscorlib]], mscorlib","$values":[]},"Notes":{"$type":"System.Collections.Generic.List`1[[VirtoCommerce.Domain.Customer.Model.Note, VirtoCommerce.Domain]], mscorlib","$values":[]},"Groups":{"$type":"System.Collections.Generic.List`1[[System.String, mscorlib]], mscorlib","$values":[]},"ObjectType":null,"DynamicProperties":null,"CreatedDate":"2015-10-06T22:39:44.2","ModifiedDate":"2015-10-06T22:39:44.2","CreatedBy":"unknown","ModifiedBy":"unknown","Id":"d2d9b741-5453-4ad8-aa46-d07478b9a931"},{"$type":"VirtoCommerce.Domain.Customer.Model.Contact, VirtoCommerce.Domain","Salutation":null,"FullName":"John Starberg","FirstName":null,"MiddleName":null,"LastName":null,"BirthDate":null,"DefaultLanguage":null,"TimeZone":null,"Organizations":{"$type":"System.Collections.Generic.List`1[[System.String, mscorlib]], mscorlib","$values":[]},"TaxPayerId":null,"PreferredDelivery":null,"PreferredCommunication":null,"SecurityAccounts":{"$type":"System.Collections.Generic.List`1[[VirtoCommerce.Platform.Core.Security.ApplicationUserExtended, VirtoCommerce.Platform.Core]], mscorlib","$values":[]},"Name":"John Starberg","MemberType":"Contact","Addresses":{"$type":"System.Collections.Generic.List`1[[VirtoCommerce.Domain.Commerce.Model.Address, VirtoCommerce.Domain]], mscorlib","$values":[]},"Phones":{"$type":"System.Collections.Generic.List`1[[System.String, mscorlib]], mscorlib","$values":[]},"Emails":{"$type":"System.Collections.Generic.List`1[[System.String, mscorlib]], mscorlib","$values":[]},"Notes":{"$type":"System.Collections.Generic.List`1[[VirtoCommerce.Domain.Customer.Model.Note, VirtoCommerce.Domain]], mscorlib","$values":[]},"Groups":{"$type":"System.Collections.Generic.List`1[[System.String, mscorlib]], mscorlib","$values":[]},"ObjectType":null,"DynamicProperties":null,"CreatedDate":"2015-10-06T22:39:44.267","ModifiedDate":"2015-10-06T22:39:44.267","CreatedBy":"unknown","ModifiedBy":"unknown","Id":"ae0e9e44-a1ca-4527-8319-0e92b0eb16f9"},{"$type":"VirtoCommerce.Domain.Customer.Model.Contact, VirtoCommerce.Domain","Salutation":null,"FullName":"Alex Vi","FirstName":"Alex","MiddleName":null,"LastName":"Vi","BirthDate":null,"DefaultLanguage":null,"TimeZone":null,"Organizations":{"$type":"System.Collections.Generic.List`1[[System.String, mscorlib]], mscorlib","$values":[]},"TaxPayerId":null,"PreferredDelivery":null,"PreferredCommunication":null,"SecurityAccounts":{"$type":"System.Collections.Generic.List`1[[VirtoCommerce.Platform.Core.Security.ApplicationUserExtended, VirtoCommerce.Platform.Core]], mscorlib","$values":[]},"Name":"Alex Vi","MemberType":"Contact","Addresses":{"$type":"System.Collections.Generic.List`1[[VirtoCommerce.Domain.Commerce.Model.Address, VirtoCommerce.Domain]], mscorlib","$values":[]},"Phones":{"$type":"System.Collections.Generic.List`1[[System.String, mscorlib]], mscorlib","$values":[]},"Emails":{"$type":"System.Collections.Generic.List`1[[System.String, mscorlib]], mscorlib","$values":[]},"Notes":{"$type":"System.Collections.Generic.List`1[[VirtoCommerce.Domain.Customer.Model.Note, VirtoCommerce.Domain]], mscorlib","$values":[]},"Groups":{"$type":"System.Collections.Generic.List`1[[System.String, mscorlib]], mscorlib","$values":[]},"ObjectType":null,"DynamicProperties":null,"CreatedDate":"2015-10-06T22:39:44.18","ModifiedDate":"2017-01-16T13:26:28.703","CreatedBy":"unknown","ModifiedBy":"alex@mail.com","Id":"88c0ce58-49c9-4ff5-af0d-10f19d0e38bc"},{"$type":"VirtoCommerce.Domain.Customer.Model.Contact, VirtoCommerce.Domain","Salutation":null,"FullName":"Alex Starberg","FirstName":"Alex","MiddleName":null,"LastName":"Starberg","BirthDate":null,"DefaultLanguage":null,"TimeZone":null,"Organizations":{"$type":"System.Collections.Generic.List`1[[System.String, mscorlib]], mscorlib","$values":[]},"TaxPayerId":null,"PreferredDelivery":null,"PreferredCommunication":null,"SecurityAccounts":{"$type":"System.Collections.Generic.List`1[[VirtoCommerce.Platform.Core.Security.ApplicationUserExtended, VirtoCommerce.Platform.Core]], mscorlib","$values":[]},"Name":"Alex Starberg","MemberType":"Contact","Addresses":{"$type":"System.Collections.Generic.List`1[[VirtoCommerce.Domain.Commerce.Model.Address, VirtoCommerce.Domain]], mscorlib","$values":[]},"Phones":{"$type":"System.Collections.Generic.List`1[[System.String, mscorlib]], mscorlib","$values":[]},"Emails":{"$type":"System.Collections.Generic.List`1[[System.String, mscorlib]], mscorlib","$values":[]},"Notes":{"$type":"System.Collections.Generic.List`1[[VirtoCommerce.Domain.Customer.Model.Note, VirtoCommerce.Domain]], mscorlib","$values":[]},"Groups":{"$type":"System.Collections.Generic.List`1[[System.String, mscorlib]], mscorlib","$values":[]},"ObjectType":null,"DynamicProperties":null,"CreatedDate":"2015-10-06T22:39:43.597","ModifiedDate":"2016-06-09T07:17:11.463","CreatedBy":"unknown","ModifiedBy":"admin","Id":"820c58c5-b518-454b-aefd-2fc4616bd25e"},{"$type":"VirtoCommerce.Domain.Customer.Model.Contact, VirtoCommerce.Domain","Salutation":null,"FullName":"Sam Green","FirstName":null,"MiddleName":null,"LastName":null,"BirthDate":null,"DefaultLanguage":null,"TimeZone":null,"Organizations":{"$type":"System.Collections.Generic.List`1[[System.String, mscorlib]], mscorlib","$values":[]},"TaxPayerId":null,"PreferredDelivery":null,"PreferredCommunication":null,"SecurityAccounts":{"$type":"System.Collections.Generic.List`1[[VirtoCommerce.Platform.Core.Security.ApplicationUserExtended, VirtoCommerce.Platform.Core]], mscorlib","$values":[]},"Name":"Sam Green","MemberType":"Contact","Addresses":{"$type":"System.Collections.Generic.List`1[[VirtoCommerce.Domain.Commerce.Model.Address, VirtoCommerce.Domain]], mscorlib","$values":[]},"Phones":{"$type":"System.Collections.Generic.List`1[[System.String, mscorlib]], mscorlib","$values":[]},"Emails":{"$type":"System.Collections.Generic.List`1[[System.String, mscorlib]], mscorlib","$values":[]},"Notes":{"$type":"System.Collections.Generic.List`1[[VirtoCommerce.Domain.Customer.Model.Note, VirtoCommerce.Domain]], mscorlib","$values":[]},"Groups":{"$type":"System.Collections.Generic.List`1[[System.String, mscorlib]], mscorlib","$values":[]},"ObjectType":null,"DynamicProperties":null,"CreatedDate":"2015-10-06T22:39:44.31","ModifiedDate":"2015-10-06T22:39:44.31","CreatedBy":"unknown","ModifiedBy":"unknown","Id":"5f807280-bb1a-42b2-9a96-ed107269ea06"},{"$type":"VirtoCommerce.Domain.Customer.Model.Contact, VirtoCommerce.Domain","Salutation":null,"FullName":"Lisa Andrews","FirstName":null,"MiddleName":null,"LastName":null,"BirthDate":null,"DefaultLanguage":null,"TimeZone":null,"Organizations":{"$type":"System.Collections.Generic.List`1[[System.String, mscorlib]], mscorlib","$values":[]},"TaxPayerId":null,"PreferredDelivery":null,"PreferredCommunication":null,"SecurityAccounts":{"$type":"System.Collections.Generic.List`1[[VirtoCommerce.Platform.Core.Security.ApplicationUserExtended, VirtoCommerce.Platform.Core]], mscorlib","$values":[]},"Name":"Lisa Andrews","MemberType":"Contact","Addresses":{"$type":"System.Collections.Generic.List`1[[VirtoCommerce.Domain.Commerce.Model.Address, VirtoCommerce.Domain]], mscorlib","$values":[]},"Phones":{"$type":"System.Collections.Generic.List`1[[System.String, mscorlib]], mscorlib","$values":[]},"Emails":{"$type":"System.Collections.Generic.List`1[[System.String, mscorlib]], mscorlib","$values":[]},"Notes":{"$type":"System.Collections.Generic.List`1[[VirtoCommerce.Domain.Customer.Model.Note, VirtoCommerce.Domain]], mscorlib","$values":[]},"Groups":{"$type":"System.Collections.Generic.List`1[[System.String, mscorlib]], mscorlib","$values":[]},"ObjectType":null,"DynamicProperties":null,"CreatedDate":"2015-10-06T22:39:44.367","ModifiedDate":"2015-10-06T22:39:44.367","CreatedBy":"unknown","ModifiedBy":"unknown","Id":"43cc012e2587409dab327e0b52db3894"},{"$type":"VirtoCommerce.Domain.Customer.Model.Contact, VirtoCommerce.Domain","Salutation":null,"FullName":"Eugene Fritz","FirstName":null,"MiddleName":null,"LastName":null,"BirthDate":"2015-09-02T22:00:00","DefaultLanguage":null,"TimeZone":null,"Organizations":{"$type":"System.Collections.Generic.List`1[[System.String, mscorlib]], mscorlib","$values":[]},"TaxPayerId":null,"PreferredDelivery":null,"PreferredCommunication":null,"SecurityAccounts":{"$type":"System.Collections.Generic.List`1[[VirtoCommerce.Platform.Core.Security.ApplicationUserExtended, VirtoCommerce.Platform.Core]], mscorlib","$values":[]},"Name":"Eugene Fritz","MemberType":"Contact","Addresses":{"$type":"System.Collections.Generic.List`1[[VirtoCommerce.Domain.Commerce.Model.Address, VirtoCommerce.Domain]], mscorlib","$values":[]},"Phones":{"$type":"System.Collections.Generic.List`1[[System.String, mscorlib]], mscorlib","$values":[]},"Emails":{"$type":"System.Collections.Generic.List`1[[System.String, mscorlib]], mscorlib","$values":[]},"Notes":{"$type":"System.Collections.Generic.List`1[[VirtoCommerce.Domain.Customer.Model.Note, VirtoCommerce.Domain]], mscorlib","$values":[]},"Groups":{"$type":"System.Collections.Generic.List`1[[System.String, mscorlib]], mscorlib","$values":[]},"ObjectType":null,"DynamicProperties":null,"CreatedDate":"2015-10-06T22:39:44.223","ModifiedDate":"2015-10-06T22:39:44.223","CreatedBy":"unknown","ModifiedBy":"unknown","Id":"42e9ad63-cfe5-4ef8-b5e3-c86522c22d84"},{"$type":"VirtoCommerce.Domain.Customer.Model.Contact, VirtoCommerce.Domain","Salutation":null,"FullName":"Allen Brewer","FirstName":null,"MiddleName":null,"LastName":null,"BirthDate":null,"DefaultLanguage":null,"TimeZone":null,"Organizations":{"$type":"System.Collections.Generic.List`1[[System.String, mscorlib]], mscorlib","$values":[]},"TaxPayerId":null,"PreferredDelivery":null,"PreferredCommunication":null,"SecurityAccounts":{"$type":"System.Collections.Generic.List`1[[VirtoCommerce.Platform.Core.Security.ApplicationUserExtended, VirtoCommerce.Platform.Core]], mscorlib","$values":[]},"Name":"Allen Brewer","MemberType":"Contact","Addresses":{"$type":"System.Collections.Generic.List`1[[VirtoCommerce.Domain.Commerce.Model.Address, VirtoCommerce.Domain]], mscorlib","$values":[]},"Phones":{"$type":"System.Collections.Generic.List`1[[System.String, mscorlib]], mscorlib","$values":[]},"Emails":{"$type":"System.Collections.Generic.List`1[[System.String, mscorlib]], mscorlib","$values":[]},"Notes":{"$type":"System.Collections.Generic.List`1[[VirtoCommerce.Domain.Customer.Model.Note, VirtoCommerce.Domain]], mscorlib","$values":[]},"Groups":{"$type":"System.Collections.Generic.List`1[[System.String, mscorlib]], mscorlib","$values":[]},"ObjectType":null,"DynamicProperties":null,"CreatedDate":"2015-10-06T22:39:44.383","ModifiedDate":"2015-10-06T22:39:44.383","CreatedBy":"unknown","ModifiedBy":"unknown","Id":"28db8667130e47ed9dd8edccada4bafc"},{"$type":"VirtoCommerce.Domain.Customer.Model.Contact, VirtoCommerce.Domain","Salutation":null,"FullName":"Rob White","FirstName":null,"MiddleName":null,"LastName":null,"BirthDate":null,"DefaultLanguage":null,"TimeZone":null,"Organizations":{"$type":"System.Collections.Generic.List`1[[System.String, mscorlib]], mscorlib","$values":[]},"TaxPayerId":null,"PreferredDelivery":null,"PreferredCommunication":null,"SecurityAccounts":{"$type":"System.Collections.Generic.List`1[[VirtoCommerce.Platform.Core.Security.ApplicationUserExtended, VirtoCommerce.Platform.Core]], mscorlib","$values":[]},"Name":"Rob White","MemberType":"Contact","Addresses":{"$type":"System.Collections.Generic.List`1[[VirtoCommerce.Domain.Commerce.Model.Address, VirtoCommerce.Domain]], mscorlib","$values":[]},"Phones":{"$type":"System.Collections.Generic.List`1[[System.String, mscorlib]], mscorlib","$values":[]},"Emails":{"$type":"System.Collections.Generic.List`1[[System.String, mscorlib]], mscorlib","$values":[]},"Notes":{"$type":"System.Collections.Generic.List`1[[VirtoCommerce.Domain.Customer.Model.Note, VirtoCommerce.Domain]], mscorlib","$values":[]},"Groups":{"$type":"System.Collections.Generic.List`1[[System.String, mscorlib]], mscorlib","$values":[]},"ObjectType":null,"DynamicProperties":null,"CreatedDate":"2015-10-06T22:39:44.29","ModifiedDate":"2015-10-06T22:39:44.29","CreatedBy":"unknown","ModifiedBy":"unknown","Id":"237a4784-d25f-419e-b4d7-cf151393d1cc"},{"$type":"VirtoCommerce.Domain.Customer.Model.Contact, VirtoCommerce.Domain","Salutation":null,"FullName":"George Basker","FirstName":null,"MiddleName":null,"LastName":null,"BirthDate":null,"DefaultLanguage":null,"TimeZone":null,"Organizations":{"$type":"System.Collections.Generic.List`1[[System.String, mscorlib]], mscorlib","$values":[]},"TaxPayerId":null,"PreferredDelivery":null,"PreferredCommunication":null,"SecurityAccounts":{"$type":"System.Collections.Generic.List`1[[VirtoCommerce.Platform.Core.Security.ApplicationUserExtended, VirtoCommerce.Platform.Core]], mscorlib","$values":[]},"Name":"George Basker","MemberType":"Contact","Addresses":{"$type":"System.Collections.Generic.List`1[[VirtoCommerce.Domain.Commerce.Model.Address, VirtoCommerce.Domain]], mscorlib","$values":[]},"Phones":{"$type":"System.Collections.Generic.List`1[[System.String, mscorlib]], mscorlib","$values":[]},"Emails":{"$type":"System.Collections.Generic.List`1[[System.String, mscorlib]], mscorlib","$values":[]},"Notes":{"$type":"System.Collections.Generic.List`1[[VirtoCommerce.Domain.Customer.Model.Note, VirtoCommerce.Domain]], mscorlib","$values":[]},"Groups":{"$type":"System.Collections.Generic.List`1[[System.String, mscorlib]], mscorlib","$values":[]},"ObjectType":null,"DynamicProperties":null,"CreatedDate":"2015-10-06T22:39:44.35","ModifiedDate":"2015-10-06T22:39:44.35","CreatedBy":"unknown","ModifiedBy":"unknown","Id":"0cda0396-43fe-4034-a20e-d0bab4c88c93"}]}