﻿{
  "Stores": [
    {
      "Name": "Clothing",
      "StoreState": 0,
      "TimeZone": "Central Standard Time",
      "Country": "USA",
      "DefaultLanguage": "en-US",
      "DefaultCurrency": "USD",
      "Catalog": "25f5ea1b52e54ec1aa903d44cc889324",
      "CreditCardSavePolicy": false,
      "Url": "",
      "SecureUrl": "",
      "Email": "",
      "DisplayOutOfStock": false,
      "FulfillmentCenter": {
        "Name": "Vendor Fulfillment Center",
        "MaxReleasesPerPickBatch": 20,
        "PickDelay": 30,
        "DaytimePhoneNumber": "3232323232",
        "Line1": "1232 Wilshire Blvd",
        "City": "Los Angeles",
        "StateProvince": "California",
        "CountryCode": "USA",
        "CountryName": "United States",
        "PostalCode": "90234",
        "Id": "vendor-fulfillment"
      },
      "FulfillmentCenters": [],
      "ReturnsFulfillmentCenter": {
        "Name": "Vendor Fulfillment Center",
        "MaxReleasesPerPickBatch": 20,
        "PickDelay": 30,
        "DaytimePhoneNumber": "3232323232",
        "Line1": "1232 Wilshire Blvd",
        "City": "Los Angeles",
        "StateProvince": "California",
        "CountryCode": "USA",
        "CountryName": "United States",
        "PostalCode": "90234",
        "Id": "vendor-fulfillment"
      },
      "ReturnsFulfillmentCenters": [],
      "Languages": [
        "en-US"
      ],
      "Currencies": [
        "XPT",
        "USD",
        "EUR"
      ],
      "TrustedGroups": [
        "Electronics"
      ],
      "TaxProviders": {
        "$type": "VirtoCommerce.Domain.Tax.Model.TaxProvider[], VirtoCommerce.Domain, Version=2.24.11.0, Culture=neutral, PublicKeyToken=null",
        "$values": [
          {
            "$type": "VirtoCommerce.CoreModule.Data.Tax.FixedTaxRateProvider, VirtoCommerce.CoreModule.Data, Version=2.24.11.0, Culture=neutral, PublicKeyToken=null",
            "Code": "FixedRate",
            "Name": "fixed tax rate",
            "Description": "Fixed percent tax rate",
            "LogoUrl": "http://virtocommerce.com/Content/images/logo.jpg",
            "IsActive": true,
            "Priority": 1,
            "Settings": [
              {
                "ModuleId": "VirtoCommerce.Core",
                "GroupName": "Commerce|General",
                "Name": "VirtoCommerce.Core.FixedTaxRateProvider.Rate",
                "Value": "13.00",
                "RawValue": 0.00,
                "ValueType": 3,
                "DefaultValue": "0.00",
                "RawDefaultValue": 0.00,
                "IsArray": false,
                "Title": "Fixed tax rate %",
                "Description": "Fixed tax rate",
                "IsRuntime": false
              }
            ],
            "Id": "01eeeccf96274ff3927244575e72c1cf"
          }
        ]
      },
      "PaymentMethods": [
        {
          "$type": "VirtoCommerce.CoreModule.Data.Payment.DefaultManualPaymentMethod, VirtoCommerce.CoreModule.Data, Version=2.24.11.0, Culture=neutral, PublicKeyToken=null",
          "PaymentMethodType": 0,
          "PaymentMethodGroupType": 3,
          "Code": "DefaultManualPaymentMethod",
          "Name": "Manual test payment method",
          "Description": "Manual test, don't use on production",
          "LogoUrl": "http://virtocommerce.com/Content/images/logo.jpg",
          "IsActive": true,
          "Priority": 0,
          "IsAvailableForPartial": false,
          "Price": 0.0,
          "PriceWithTax": 0.0,
          "Total": 0.0,
          "TotalWithTax": 0.0,
          "DiscountAmount": 0.0,
          "DiscountAmountWithTax": 0.0,
          "TaxTotal": 0.0,
          "TaxPercentRate": 0.0,
          "Id": "08db845de9834749b2d8701f5b292cfe"
        }
      ],
      "ShippingMethods": [
        {
          "$type": "VirtoCommerce.CoreModule.Data.Shipping.FixedRateShippingMethod, VirtoCommerce.CoreModule.Data, Version=2.24.11.0, Culture=neutral, PublicKeyToken=null",
          "Code": "FixedRate",
          "Name": "fixed rate",
          "Description": "Fixed rate shipping method",
          "LogoUrl": "http://somelogo.com/logo.png",
          "IsActive": true,
          "Priority": 1,
          "Settings": [
            {
              "ModuleId": "VirtoCommerce.Core",
              "GroupName": "Commerce|General",
              "Name": "VirtoCommerce.Core.FixedRateShippingMethod.Air.Rate",
              "Value": "10.00",
              "RawValue": 0.00,
              "ValueType": 3,
              "DefaultValue": "0.00",
              "RawDefaultValue": 0.00,
              "IsArray": false,
              "Title": "Air shipping rate",
              "Description": "Fixed Air shipping rate",
              "IsRuntime": false
            },
            {
              "ModuleId": "VirtoCommerce.Core",
              "GroupName": "Commerce|General",
              "Name": "VirtoCommerce.Core.FixedRateShippingMethod.Ground.Rate",
              "Value": "5.00",
              "RawValue": 0.00,
              "ValueType": 3,
              "DefaultValue": "0.00",
              "RawDefaultValue": 0.00,
              "IsArray": false,
              "Title": "Ground shipping rate",
              "Description": "Fixed Ground shipping rate",
              "IsRuntime": false
            }
          ],
          "Id": "6daa17694bc3486b9d17707a427335f3"
        }
      ],
      "SeoObjectType": "Store",
      "SeoInfos": [
        {
          "SemanticUrl": "Clothings",
          "PageTitle": "Clothing",
          "MetaDescription": "Clothing",
          "ImageAltDescription": "Clothing",
          "ObjectId": "Clothing",
          "ObjectType": "Store",
          "IsActive": true,
          "LanguageCode": "en-US",
          "CreatedDate": "2015-10-06T22:39:51.177",
          "ModifiedDate": "2015-10-06T22:39:51.177",
          "CreatedBy": "unknown",
          "ModifiedBy": "unknown",
          "Id": "337294d142c64a7495f7a7cf7aa63691"
        }
      ],
      "ObjectType": "VirtoCommerce.Domain.Store.Model.Store",
      "DynamicProperties": [
        {
          "ObjectId": "Clothing",
          "Values": {
            "$type": "VirtoCommerce.Platform.Core.DynamicProperties.DynamicPropertyObjectValue[], VirtoCommerce.Platform.Core, Version=2.13.15.0, Culture=neutral, PublicKeyToken=null",
            "$values": [
              {
                "Value": ""
              }
            ]
          },
          "Name": "DefaultThemeName",
          "ObjectType": "VirtoCommerce.Domain.Store.Model.Store",
          "IsArray": false,
          "IsDictionary": false,
          "IsMultilingual": false,
          "IsRequired": false,
          "ValueType": "ShortText",
          "DisplayNames": [],
          "CreatedDate": "2017-08-30T10:56:50.037",
          "ModifiedDate": "2017-08-30T10:56:50.037",
          "CreatedBy": "Auto",
          "ModifiedBy": "unknown",
          "Id": "Default_Theme_Name_Property"
        },
        {
          "ObjectId": "Clothing",
          "Values": {
            "$type": "VirtoCommerce.Platform.Core.DynamicProperties.DynamicPropertyObjectValue[], VirtoCommerce.Platform.Core, Version=2.13.15.0, Culture=neutral, PublicKeyToken=null",
            "$values": [
              {
                "Value": "{\r\n  \"Attributes\": [\r\n    {\r\n      \"Key\": \"Brand\",\r\n      \"FacetSize\": null,\r\n      \"Order\": 0,\r\n      \"Values\": [\r\n        {\r\n          \"Id\": \"Cameo Rose\"\r\n        },\r\n        {\r\n          \"Id\": \"Laced In Love\"\r\n        },\r\n        {\r\n          \"Id\": \"Madam Rage\"\r\n        },\r\n        {\r\n          \"Id\": \"New look\"\r\n        },\r\n        {\r\n          \"Id\": \"Pussycat\"\r\n        }\r\n      ]\r\n    },\r\n    {\r\n      \"Key\": \"Colour\",\r\n      \"FacetSize\": null,\r\n      \"Order\": 1,\r\n      \"Values\": [\r\n        {\r\n          \"Id\": \"Black\"\r\n        },\r\n        {\r\n          \"Id\": \"Blue\"\r\n        },\r\n        {\r\n          \"Id\": \"Brown\"\r\n        },\r\n        {\r\n          \"Id\": \"Burgundy\"\r\n        },\r\n        {\r\n          \"Id\": \"Coral\"\r\n        },\r\n        {\r\n          \"Id\": \"Cream\"\r\n        },\r\n        {\r\n          \"Id\": \"Dark blue\"\r\n        },\r\n        {\r\n          \"Id\": \"Dark red\"\r\n        },\r\n        {\r\n          \"Id\": \"Gold\"\r\n        },\r\n        {\r\n          \"Id\": \"Gray\"\r\n        },\r\n        {\r\n          \"Id\": \"Green\"\r\n        },\r\n        {\r\n          \"Id\": \"Lilac\"\r\n        },\r\n        {\r\n          \"Id\": \"Multi Col\"\r\n        },\r\n        {\r\n          \"Id\": \"Navy\"\r\n        },\r\n        {\r\n          \"Id\": \"Orange\"\r\n        },\r\n        {\r\n          \"Id\": \"Peach\"\r\n        },\r\n        {\r\n          \"Id\": \"Pink\"\r\n        },\r\n        {\r\n          \"Id\": \"Purple\"\r\n        },\r\n        {\r\n          \"Id\": \"Red\"\r\n        },\r\n        {\r\n          \"Id\": \"Rust\"\r\n        },\r\n        {\r\n          \"Id\": \"Silver\"\r\n        },\r\n        {\r\n          \"Id\": \"Stone\"\r\n        },\r\n        {\r\n          \"Id\": \"White\"\r\n        },\r\n        {\r\n          \"Id\": \"Yellow\"\r\n        }\r\n      ]\r\n    },\r\n    {\r\n      \"Key\": \"Style\",\r\n      \"FacetSize\": null,\r\n      \"Order\": 2,\r\n      \"Values\": [\r\n        {\r\n          \"Id\": \"Bodycon\"\r\n        },\r\n        {\r\n          \"Id\": \"Choker Necklaces\"\r\n        },\r\n        {\r\n          \"Id\": \"Clips\"\r\n        },\r\n        {\r\n          \"Id\": \"Day Bags\"\r\n        },\r\n        {\r\n          \"Id\": \"Drop Earrings\"\r\n        },\r\n        {\r\n          \"Id\": \"Ear Cuff\"\r\n        },\r\n        {\r\n          \"Id\": \"Evening Bags\"\r\n        },\r\n        {\r\n          \"Id\": \"Floral\"\r\n        },\r\n        {\r\n          \"Id\": \"High Neck\"\r\n        },\r\n        {\r\n          \"Id\": \"Hoop Earrings\"\r\n        },\r\n        {\r\n          \"Id\": \"Maxi\"\r\n        },\r\n        {\r\n          \"Id\": \"Midi\"\r\n        },\r\n        {\r\n          \"Id\": \"Mini\"\r\n        },\r\n        {\r\n          \"Id\": \"Multi-Packs\"\r\n        },\r\n        {\r\n          \"Id\": \"Open Shoulder\"\r\n        },\r\n        {\r\n          \"Id\": \"Pom Poms\"\r\n        },\r\n        {\r\n          \"Id\": \"Print\"\r\n        },\r\n        {\r\n          \"Id\": \"Prom\"\r\n        },\r\n        {\r\n          \"Id\": \"Skater\"\r\n        },\r\n        {\r\n          \"Id\": \"Statement Necklaces\"\r\n        },\r\n        {\r\n          \"Id\": \"Stud Earrings\"\r\n        },\r\n        {\r\n          \"Id\": \"Summer\"\r\n        },\r\n        {\r\n          \"Id\": \"Yoga\"\r\n        }\r\n      ]\r\n    }\r\n  ],\r\n  \"AttributeRanges\": [],\r\n  \"Prices\": [\r\n    {\r\n      \"Key\": \"price\",\r\n      \"Currency\": \"EUR\",\r\n      \"Order\": 3,\r\n      \"Values\": [\r\n        {\r\n          \"Id\": \"under-100\",\r\n          \"Lower\": null,\r\n          \"Upper\": \"100\",\r\n          \"IncludeLower\": true,\r\n          \"IncludeUpper\": false\r\n        },\r\n        {\r\n          \"Id\": \"100-200\",\r\n          \"Lower\": \"100\",\r\n          \"Upper\": \"200\",\r\n          \"IncludeLower\": true,\r\n          \"IncludeUpper\": false\r\n        },\r\n        {\r\n          \"Id\": \"200-600\",\r\n          \"Lower\": \"200\",\r\n          \"Upper\": \"600\",\r\n          \"IncludeLower\": true,\r\n          \"IncludeUpper\": false\r\n        },\r\n        {\r\n          \"Id\": \"600-1000\",\r\n          \"Lower\": \"600\",\r\n          \"Upper\": \"1000\",\r\n          \"IncludeLower\": true,\r\n          \"IncludeUpper\": false\r\n        },\r\n        {\r\n          \"Id\": \"over-1000\",\r\n          \"Lower\": \"1000\",\r\n          \"Upper\": null,\r\n          \"IncludeLower\": true,\r\n          \"IncludeUpper\": false\r\n        }\r\n      ]\r\n    },\r\n    {\r\n      \"Key\": \"price\",\r\n      \"Currency\": \"USD\",\r\n      \"Order\": 4,\r\n      \"Values\": [\r\n        {\r\n          \"Id\": \"under-100\",\r\n          \"Lower\": null,\r\n          \"Upper\": \"100\",\r\n          \"IncludeLower\": true,\r\n          \"IncludeUpper\": false\r\n        },\r\n        {\r\n          \"Id\": \"100-200\",\r\n          \"Lower\": \"100\",\r\n          \"Upper\": \"200\",\r\n          \"IncludeLower\": true,\r\n          \"IncludeUpper\": false\r\n        },\r\n        {\r\n          \"Id\": \"200-300\",\r\n          \"Lower\": \"200\",\r\n          \"Upper\": \"300\",\r\n          \"IncludeLower\": true,\r\n          \"IncludeUpper\": false\r\n        },\r\n        {\r\n          \"Id\": \"over-300\",\r\n          \"Lower\": \"300\",\r\n          \"Upper\": null,\r\n          \"IncludeLower\": true,\r\n          \"IncludeUpper\": false\r\n        }\r\n      ]\r\n    },\r\n    {\r\n      \"Key\": \"price\",\r\n      \"Currency\": \"XPT\",\r\n      \"Order\": 5,\r\n      \"Values\": null\r\n    }\r\n  ]\r\n}"
              }
            ]
          },
          "Name": "FilteredBrowsing",
          "ObjectType": "VirtoCommerce.Domain.Store.Model.Store",
          "IsArray": false,
          "IsDictionary": false,
          "IsMultilingual": false,
          "IsRequired": false,
          "ValueType": "LongText",
          "DisplayNames": [
            {
              "Locale": "fr-FR"
            },
            {
              "Locale": "en-US"
            },
            {
              "Locale": "zh-CN"
            },
            {
              "Locale": "ja-JP"
            },
            {
              "Locale": "de-DE"
            },
            {
              "Locale": "ru-RU"
            }
          ],
          "CreatedDate": "2017-08-30T10:56:49.913",
          "ModifiedDate": "2017-08-30T10:56:49.913",
          "CreatedBy": "Auto",
          "ModifiedBy": "unknown",
          "Id": "2b15f370ab524186bec1ace82509a60a"
        }
      ],
      "Settings": [
        {
          "ModuleId": "VirtoCommerce.Orders",
          "GroupName": "Orders|General",
          "Name": "Order.CustomerOrderNewNumberTemplate",
          "Value": "CO{0:yyMMdd}-{1:D5}",
          "RawValue": "CO{0:yyMMdd}-{1:D5}",
          "ValueType": 0,
          "DefaultValue": "CO{0:yyMMdd}-{1:D5}",
          "RawDefaultValue": "CO{0:yyMMdd}-{1:D5}",
          "IsArray": false,
          "Title": "Order number template",
          "Description": "The template (pattern) that will be used to generate the number for new Customer Order. Parameters: 0 - date (the UTC time of number generation); 1 - the sequence number.",
          "IsRuntime": true
        },
        {
          "ModuleId": "VirtoCommerce.Orders",
          "GroupName": "Orders|General",
          "Name": "Order.PaymentInNewNumberTemplate",
          "Value": "PI{0:yyMMdd}-{1:D5}",
          "RawValue": "PI{0:yyMMdd}-{1:D5}",
          "ValueType": 0,
          "DefaultValue": "PI{0:yyMMdd}-{1:D5}",
          "RawDefaultValue": "PI{0:yyMMdd}-{1:D5}",
          "IsArray": false,
          "Title": "Order payment number template",
          "Description": "The template (pattern) that will be used to generate the number for new incoming Payment. Parameters: 0 - date (the UTC time of number generation); 1 - the sequence number.",
          "IsRuntime": true
        },
        {
          "ModuleId": "VirtoCommerce.Orders",
          "GroupName": "Orders|General",
          "Name": "Order.ShipmentNewNumberTemplate",
          "Value": "SH{0:yyMMdd}-{1:D5}",
          "RawValue": "SH{0:yyMMdd}-{1:D5}",
          "ValueType": 0,
          "DefaultValue": "SH{0:yyMMdd}-{1:D5}",
          "RawDefaultValue": "SH{0:yyMMdd}-{1:D5}",
          "IsArray": false,
          "Title": "Order shipment number template",
          "Description": "The template (pattern) that will be used to generate the number for new Shipment. Parameters: 0 - date (the UTC time of number generation); 1 - the sequence number.",
          "IsRuntime": true
        },
        {
          "ModuleId": "VirtoCommerce.Quote",
          "GroupName": "Quotes|General",
          "Name": "Quotes.EnableQuotes",
          "ValueType": 5,
          "IsArray": false,
          "Title": "Enable quotes",
          "Description": "Flag activated quotes in store",
          "IsRuntime": true
        },
        {
          "ModuleId": "VirtoCommerce.Quote",
          "GroupName": "Quotes|General",
          "Name": "Quotes.QuoteRequestNewNumberTemplate",
          "Value": "RFQ{0:yyMMdd}-{1:D5}",
          "RawValue": "RFQ{0:yyMMdd}-{1:D5}",
          "ValueType": 0,
          "DefaultValue": "RFQ{0:yyMMdd}-{1:D5}",
          "RawDefaultValue": "RFQ{0:yyMMdd}-{1:D5}",
          "IsArray": false,
          "Title": "RFQ number template",
          "Description": "The template (pattern) that will be used to generate the number for new Quote Request. Parameters: 0 - date (the UTC time of number generation); 1 - the sequence number.",
          "IsRuntime": true
        },
        {
          "ModuleId": "VirtoCommerce.Store",
          "GroupName": "Store|General",
          "Name": "Stores.ExportImport.Description",
          "Value": "Export/Import stores with all related informations",
          "RawValue": "Export/Import stores with all related informations",
          "ValueType": 0,
          "DefaultValue": "Export/Import stores with all related information",
          "RawDefaultValue": "Export/Import stores with all related information",
          "IsArray": false,
          "Title": "Export/Import description",
          "Description": "Module description in platform export/import wizard",
          "IsRuntime": false
        },
        {
          "ModuleId": "VirtoCommerce.Store",
          "GroupName": "Store|SEO",
          "Name": "Stores.SeoLinksType",
          "Value": "Long",
          "RawValue": "Long",
          "ValueType": 0,
          "AllowedValues": [
            "None",
            "Short",
            "Collapsed",
            "Long"
          ],
          "DefaultValue": "Collapsed",
          "RawDefaultValue": "Collapsed",
          "IsArray": false,
          "Title": "SEO Links",
          "Description": "Determines how to generate links for products and categories. Long: /virtual-parent-category/physical-parent-category/my-cool-category/my-cool-product, Collapsed: /virtual-parent-category/my-cool-category/my-cool-product, Short: /my-cool-product, None: /product/123",
          "IsRuntime": false
        },
        {
          "ModuleId": "VirtoCommerce.Store",
          "GroupName": "Store|General",
          "Name": "Stores.States",
          "RawValue": "Open",
          "ValueType": 0,
          "DefaultValue": "Open",
          "RawDefaultValue": "Open",
          "IsArray": true,
          "ArrayValues": [
            "RestrictedAccess",
            "Closed",
            "Open"
          ],
          "RawArrayValues": [
            "Closed",
            "Open",
            "RestrictedAccess"
          ],
          "Title": "States",
          "Description": "States that a store can be in",
          "IsRuntime": false
        },
        {
          "ModuleId": "VirtoCommerce.Store",
          "GroupName": "Store|General",
          "Name": "Stores.TaxCalculationEnabled",
          "Value": "True",
          "RawValue": true,
          "ValueType": 5,
          "DefaultValue": "true",
          "RawDefaultValue": true,
          "IsArray": false,
          "Title": "Enable Tax Calculation",
          "Description": "Setting to off prevents tax calculation on storefront",
          "IsRuntime": false
        },
        {
          "ModuleId": "VirtoCommerce.Subscription",
          "GroupName": "Subscriptions|General",
          "Name": "Subscription.EnableSubscriptions",
          "Value": "True",
          "RawValue": true,
          "ValueType": 5,
          "DefaultValue": "True",
          "RawDefaultValue": true,
          "IsArray": false,
          "Title": "Enable subscriptions",
          "Description": "Flag for activating subscriptions in store",
          "IsRuntime": true
        }
      ],
      "CreatedDate": "2015-10-06T22:39:51.13",
      "ModifiedDate": "2016-03-17T07:53:29.7",
      "CreatedBy": "unknown",
      "ModifiedBy": "admin",
      "Id": "Clothing"
    },
    {
      "Name": "Electronics",
      "StoreState": 0,
      "Country": "USA",
      "DefaultLanguage": "en-US",
      "DefaultCurrency": "USD",
      "Catalog": "4974648a41df4e6ea67ef2ad76d7bbd4",
      "CreditCardSavePolicy": false,
      "Url": "",
      "SecureUrl": "",
      "Email": "noreply@mail.com",
      "DisplayOutOfStock": false,
      "FulfillmentCenters": [],
      "ReturnsFulfillmentCenters": [],
      "Languages": [
        "fr-FR",
        "de-DE",
        "en-US"
      ],
      "Currencies": [
        "USD",
        "XPT",
        "EUR"
      ],
      "TrustedGroups": [
        "Clothing"
      ],
      "TaxProviders": {
        "$type": "VirtoCommerce.Domain.Tax.Model.TaxProvider[], VirtoCommerce.Domain, Version=2.24.11.0, Culture=neutral, PublicKeyToken=null",
        "$values": [
          {
            "$type": "VirtoCommerce.CoreModule.Data.Tax.FixedTaxRateProvider, VirtoCommerce.CoreModule.Data, Version=2.24.11.0, Culture=neutral, PublicKeyToken=null",
            "Code": "FixedRate",
            "Name": "fixed tax rate",
            "Description": "Fixed percent tax rate",
            "LogoUrl": "http://virtocommerce.com/Content/images/logo.jpg",
            "IsActive": true,
            "Priority": 0,
            "Settings": [
              {
                "ModuleId": "VirtoCommerce.Core",
                "GroupName": "Commerce|General",
                "Name": "VirtoCommerce.Core.FixedTaxRateProvider.Rate",
                "Value": "20.00",
                "RawValue": 0.00,
                "ValueType": 3,
                "DefaultValue": "0.00",
                "RawDefaultValue": 0.00,
                "IsArray": false,
                "Title": "Fixed tax rate %",
                "Description": "Fixed tax rate",
                "IsRuntime": false
              }
            ],
            "Id": "35f172407919452a9416e165e1226cab"
          }
        ]
      },
      "PaymentMethods": [
        {
          "$type": "VirtoCommerce.CoreModule.Data.Payment.DefaultManualPaymentMethod, VirtoCommerce.CoreModule.Data, Version=2.24.11.0, Culture=neutral, PublicKeyToken=null",
          "PaymentMethodType": 0,
          "PaymentMethodGroupType": 3,
          "Code": "DefaultManualPaymentMethod",
          "Name": "Manual test payment method",
          "Description": "Manual test, don't use on production",
          "LogoUrl": "http://virtocommerce.com/Content/images/logo.jpg",
          "IsActive": true,
          "Priority": 0,
          "IsAvailableForPartial": false,
          "Price": 0.0,
          "PriceWithTax": 0.0,
          "Total": 0.0,
          "TotalWithTax": 0.0,
          "DiscountAmount": 0.0,
          "DiscountAmountWithTax": 0.0,
          "TaxTotal": 0.0,
          "TaxPercentRate": 0.0,
          "Id": "1bf5b0de727b4dfcbbf3b322914ae7c5"
        }
      ],
      "ShippingMethods": [
        {
          "$type": "VirtoCommerce.CoreModule.Data.Shipping.FixedRateShippingMethod, VirtoCommerce.CoreModule.Data, Version=2.24.11.0, Culture=neutral, PublicKeyToken=null",
          "Code": "FixedRate",
          "Name": "fixed rate",
          "Description": "Fixed rate shipping method",
          "LogoUrl": "http://somelogo.com/logo.png",
          "IsActive": true,
          "Priority": 1,
          "Settings": [
            {
              "ModuleId": "VirtoCommerce.Core",
              "GroupName": "Commerce|General",
              "Name": "VirtoCommerce.Core.FixedRateShippingMethod.Air.Rate",
              "Value": "10.00",
              "RawValue": 0.00,
              "ValueType": 3,
              "DefaultValue": "0.00",
              "RawDefaultValue": 0.00,
              "IsArray": false,
              "Title": "Air shipping rate",
              "Description": "Fixed Air shipping rate",
              "IsRuntime": false
            },
            {
              "ModuleId": "VirtoCommerce.Core",
              "GroupName": "Commerce|General",
              "Name": "VirtoCommerce.Core.FixedRateShippingMethod.Ground.Rate",
              "Value": "5.00",
              "RawValue": 0.00,
              "ValueType": 3,
              "DefaultValue": "0.00",
              "RawDefaultValue": 0.00,
              "IsArray": false,
              "Title": "Ground shipping rate",
              "Description": "Fixed Ground shipping rate",
              "IsRuntime": false
            }
          ],
          "Id": "cc88c2c2dc8c468f9ac8c55994c7e450"
        }
      ],
      "SeoObjectType": "Store",
      "SeoInfos": [
        {
          "SemanticUrl": "Electronique",
          "PageTitle": "Electronique",
          "ObjectId": "Electronics",
          "ObjectType": "Store",
          "IsActive": true,
          "LanguageCode": "fr-FR",
          "CreatedDate": "2015-12-22T11:50:49.243",
          "ModifiedDate": "2015-12-22T11:50:49.243",
          "CreatedBy": "admin",
          "ModifiedBy": "admin",
          "Id": "15b0752d92cb47b69001f31b10127514"
        },
        {
          "SemanticUrl": "Electronics",
          "PageTitle": "Electronics",
          "ObjectId": "Electronics",
          "ObjectType": "Store",
          "IsActive": true,
          "LanguageCode": "en-US",
          "CreatedDate": "2015-10-06T22:39:51.563",
          "ModifiedDate": "2015-12-22T11:50:49.243",
          "CreatedBy": "unknown",
          "ModifiedBy": "admin",
          "Id": "27546a48097b4e59900da9a4f5a17ac8"
        },
        {
          "SemanticUrl": "Electronics",
          "PageTitle": "Electronics",
          "ObjectId": "Electronics",
          "ObjectType": "Store",
          "IsActive": true,
          "LanguageCode": "de-DE",
          "CreatedDate": "2015-12-22T11:50:49.243",
          "ModifiedDate": "2015-12-22T11:50:49.243",
          "CreatedBy": "admin",
          "ModifiedBy": "admin",
          "Id": "cfecfc3f5ce5486eaaf52886da7c957c"
        }
      ],
      "ObjectType": "VirtoCommerce.Domain.Store.Model.Store",
      "DynamicProperties": [
        {
          "ObjectId": "Electronics",
          "Values": {
            "$type": "VirtoCommerce.Platform.Core.DynamicProperties.DynamicPropertyObjectValue[], VirtoCommerce.Platform.Core, Version=2.13.15.0, Culture=neutral, PublicKeyToken=null",
            "$values": [
              {
                "Value": ""
              }
            ]
          },
          "Name": "DefaultThemeName",
          "ObjectType": "VirtoCommerce.Domain.Store.Model.Store",
          "IsArray": false,
          "IsDictionary": false,
          "IsMultilingual": false,
          "IsRequired": false,
          "ValueType": "ShortText",
          "DisplayNames": [],
          "CreatedDate": "2017-08-30T10:56:50.037",
          "ModifiedDate": "2017-08-30T10:56:50.037",
          "CreatedBy": "Auto",
          "ModifiedBy": "unknown",
          "Id": "Default_Theme_Name_Property"
        },
        {
          "ObjectId": "Electronics",
          "Values": {
            "$type": "VirtoCommerce.Platform.Core.DynamicProperties.DynamicPropertyObjectValue[], VirtoCommerce.Platform.Core, Version=2.13.15.0, Culture=neutral, PublicKeyToken=null",
            "$values": [
              {
                "Value": "{\r\n  \"Attributes\": [\r\n    {\r\n      \"Key\": \"Brand\",\r\n      \"FacetSize\": null,\r\n      \"Order\": 0,\r\n      \"Values\": [\r\n        {\r\n          \"Id\": \"3DR\"\r\n        },\r\n        {\r\n          \"Id\": \"Apple\"\r\n        },\r\n        {\r\n          \"Id\": \"Asus\"\r\n        },\r\n        {\r\n          \"Id\": \"Beats By Dr Dre\"\r\n        },\r\n        {\r\n          \"Id\": \"BLU\"\r\n        },\r\n        {\r\n          \"Id\": \"DJI\"\r\n        },\r\n        {\r\n          \"Id\": \"E-flite\"\r\n        },\r\n        {\r\n          \"Id\": \"HTC\"\r\n        },\r\n        {\r\n          \"Id\": \"LG\"\r\n        },\r\n        {\r\n          \"Id\": \"Microsoft\"\r\n        },\r\n        {\r\n          \"Id\": \"Onkyo\"\r\n        },\r\n        {\r\n          \"Id\": \"Panasonic\"\r\n        },\r\n        {\r\n          \"Id\": \"Parrot\"\r\n        },\r\n        {\r\n          \"Id\": \"Powerbeats\"\r\n        },\r\n        {\r\n          \"Id\": \"Samsung\"\r\n        },\r\n        {\r\n          \"Id\": \"Sony\"\r\n        },\r\n        {\r\n          \"Id\": \"SunBriteTV\"\r\n        },\r\n        {\r\n          \"Id\": \"Teac\"\r\n        },\r\n        {\r\n          \"Id\": \"Vizio\"\r\n        },\r\n        {\r\n          \"Id\": \"Walkera\"\r\n        },\r\n        {\r\n          \"Id\": \"xFold\"\r\n        }\r\n      ]\r\n    },\r\n    {\r\n      \"Key\": \"Color\",\r\n      \"FacetSize\": null,\r\n      \"Order\": 1,\r\n      \"Values\": [\r\n        {\r\n          \"Id\": \"Black\"\r\n        },\r\n        {\r\n          \"Id\": \"Bronze\"\r\n        },\r\n        {\r\n          \"Id\": \"Camo green\"\r\n        },\r\n        {\r\n          \"Id\": \"Gold\"\r\n        },\r\n        {\r\n          \"Id\": \"Gold Platinum\"\r\n        },\r\n        {\r\n          \"Id\": \"Gray\"\r\n        },\r\n        {\r\n          \"Id\": \"Green\"\r\n        },\r\n        {\r\n          \"Id\": \"Red\"\r\n        },\r\n        {\r\n          \"Id\": \"Ruby red\"\r\n        },\r\n        {\r\n          \"Id\": \"Sheer Gold\"\r\n        },\r\n        {\r\n          \"Id\": \"Silver\"\r\n        },\r\n        {\r\n          \"Id\": \"Space Gray\"\r\n        },\r\n        {\r\n          \"Id\": \"Titanium grey\"\r\n        },\r\n        {\r\n          \"Id\": \"White\"\r\n        },\r\n        {\r\n          \"Id\": \"White Pearl\"\r\n        }\r\n      ]\r\n    },\r\n    {\r\n      \"Key\": \"Display size\",\r\n      \"FacetSize\": null,\r\n      \"Order\": 2,\r\n      \"Values\": null\r\n    }\r\n  ],\r\n  \"AttributeRanges\": [],\r\n  \"Prices\": [\r\n    {\r\n      \"Key\": \"price\",\r\n      \"Currency\": \"USD\",\r\n      \"Order\": 3,\r\n      \"Values\": [\r\n        {\r\n          \"Id\": \"under-100\",\r\n          \"Lower\": null,\r\n          \"Upper\": \"100\",\r\n          \"IncludeLower\": true,\r\n          \"IncludeUpper\": false\r\n        },\r\n        {\r\n          \"Id\": \"100-200\",\r\n          \"Lower\": \"100\",\r\n          \"Upper\": \"200\",\r\n          \"IncludeLower\": true,\r\n          \"IncludeUpper\": false\r\n        },\r\n        {\r\n          \"Id\": \"200-600\",\r\n          \"Lower\": \"200\",\r\n          \"Upper\": \"600\",\r\n          \"IncludeLower\": true,\r\n          \"IncludeUpper\": false\r\n        },\r\n        {\r\n          \"Id\": \"600-1000\",\r\n          \"Lower\": \"600\",\r\n          \"Upper\": \"1000\",\r\n          \"IncludeLower\": true,\r\n          \"IncludeUpper\": false\r\n        },\r\n        {\r\n          \"Id\": \"over-1000\",\r\n          \"Lower\": \"1000\",\r\n          \"Upper\": null,\r\n          \"IncludeLower\": true,\r\n          \"IncludeUpper\": false\r\n        }\r\n      ]\r\n    },\r\n    {\r\n      \"Key\": \"price\",\r\n      \"Currency\": \"EUR\",\r\n      \"Order\": 4,\r\n      \"Values\": [\r\n        {\r\n          \"Id\": \"under-100\",\r\n          \"Lower\": null,\r\n          \"Upper\": \"100\",\r\n          \"IncludeLower\": true,\r\n          \"IncludeUpper\": false\r\n        },\r\n        {\r\n          \"Id\": \"100-200\",\r\n          \"Lower\": \"100\",\r\n          \"Upper\": \"200\",\r\n          \"IncludeLower\": true,\r\n          \"IncludeUpper\": false\r\n        },\r\n        {\r\n          \"Id\": \"200-600\",\r\n          \"Lower\": \"200\",\r\n          \"Upper\": \"600\",\r\n          \"IncludeLower\": true,\r\n          \"IncludeUpper\": false\r\n        },\r\n        {\r\n          \"Id\": \"600-1000\",\r\n          \"Lower\": \"600\",\r\n          \"Upper\": \"1000\",\r\n          \"IncludeLower\": true,\r\n          \"IncludeUpper\": false\r\n        },\r\n        {\r\n          \"Id\": \"over-1000\",\r\n          \"Lower\": \"1000\",\r\n          \"Upper\": null,\r\n          \"IncludeLower\": true,\r\n          \"IncludeUpper\": false\r\n        }\r\n      ]\r\n    },\r\n    {\r\n      \"Key\": \"price\",\r\n      \"Currency\": \"XPT\",\r\n      \"Order\": 5,\r\n      \"Values\": [\r\n        {\r\n          \"Id\": \"under-10\",\r\n          \"Lower\": null,\r\n          \"Upper\": \"10\",\r\n          \"IncludeLower\": true,\r\n          \"IncludeUpper\": false\r\n        },\r\n        {\r\n          \"Id\": \"10-30\",\r\n          \"Lower\": \"10\",\r\n          \"Upper\": \"30\",\r\n          \"IncludeLower\": true,\r\n          \"IncludeUpper\": false\r\n        },\r\n        {\r\n          \"Id\": \"30-50\",\r\n          \"Lower\": \"30\",\r\n          \"Upper\": \"50\",\r\n          \"IncludeLower\": true,\r\n          \"IncludeUpper\": false\r\n        },\r\n        {\r\n          \"Id\": \"50-1000\",\r\n          \"Lower\": \"50\",\r\n          \"Upper\": \"1000\",\r\n          \"IncludeLower\": true,\r\n          \"IncludeUpper\": false\r\n        },\r\n        {\r\n          \"Id\": \"over-1000\",\r\n          \"Lower\": \"1000\",\r\n          \"Upper\": null,\r\n          \"IncludeLower\": true,\r\n          \"IncludeUpper\": false\r\n        }\r\n      ]\r\n    }\r\n  ]\r\n}"
              }
            ]
          },
          "Name": "FilteredBrowsing",
          "ObjectType": "VirtoCommerce.Domain.Store.Model.Store",
          "IsArray": false,
          "IsDictionary": false,
          "IsMultilingual": false,
          "IsRequired": false,
          "ValueType": "LongText",
          "DisplayNames": [
            {
              "Locale": "fr-FR"
            },
            {
              "Locale": "en-US"
            },
            {
              "Locale": "zh-CN"
            },
            {
              "Locale": "ja-JP"
            },
            {
              "Locale": "de-DE"
            },
            {
              "Locale": "ru-RU"
            }
          ],
          "CreatedDate": "2017-08-30T10:56:49.913",
          "ModifiedDate": "2017-08-30T10:56:49.913",
          "CreatedBy": "Auto",
          "ModifiedBy": "unknown",
          "Id": "2b15f370ab524186bec1ace82509a60a"
        }
      ],
      "Settings": [
        {
          "ModuleId": "VirtoCommerce.Orders",
          "GroupName": "Orders|General",
          "Name": "Order.CustomerOrderNewNumberTemplate",
          "Value": "CO{0:yyMMdd}-{1:D5}",
          "RawValue": "CO{0:yyMMdd}-{1:D5}",
          "ValueType": 0,
          "DefaultValue": "CO{0:yyMMdd}-{1:D5}",
          "RawDefaultValue": "CO{0:yyMMdd}-{1:D5}",
          "IsArray": false,
          "Title": "Order number template",
          "Description": "The template (pattern) that will be used to generate the number for new Customer Order. Parameters: 0 - date (the UTC time of number generation); 1 - the sequence number.",
          "IsRuntime": true
        },
        {
          "ModuleId": "VirtoCommerce.Orders",
          "GroupName": "Orders|General",
          "Name": "Order.PaymentInNewNumberTemplate",
          "Value": "PI{0:yyMMdd}-{1:D5}",
          "RawValue": "PI{0:yyMMdd}-{1:D5}",
          "ValueType": 0,
          "DefaultValue": "PI{0:yyMMdd}-{1:D5}",
          "RawDefaultValue": "PI{0:yyMMdd}-{1:D5}",
          "IsArray": false,
          "Title": "Order payment number template",
          "Description": "The template (pattern) that will be used to generate the number for new incoming Payment. Parameters: 0 - date (the UTC time of number generation); 1 - the sequence number.",
          "IsRuntime": true
        },
        {
          "ModuleId": "VirtoCommerce.Orders",
          "GroupName": "Orders|General",
          "Name": "Order.ShipmentNewNumberTemplate",
          "Value": "SH{0:yyMMdd}-{1:D5}",
          "RawValue": "SH{0:yyMMdd}-{1:D5}",
          "ValueType": 0,
          "DefaultValue": "SH{0:yyMMdd}-{1:D5}",
          "RawDefaultValue": "SH{0:yyMMdd}-{1:D5}",
          "IsArray": false,
          "Title": "Order shipment number template",
          "Description": "The template (pattern) that will be used to generate the number for new Shipment. Parameters: 0 - date (the UTC time of number generation); 1 - the sequence number.",
          "IsRuntime": true
        },
        {
          "ModuleId": "VirtoCommerce.Quote",
          "GroupName": "Quotes|General",
          "Name": "Quotes.EnableQuotes",
          "Value": "True",
          "ValueType": 5,
          "IsArray": false,
          "Title": "Enable quotes",
          "Description": "Flag activated quotes in store",
          "IsRuntime": true
        },
        {
          "ModuleId": "VirtoCommerce.Quote",
          "GroupName": "Quotes|General",
          "Name": "Quotes.QuoteRequestNewNumberTemplate",
          "Value": "RFQ{0:yyMMdd}-{1:D5}",
          "RawValue": "RFQ{0:yyMMdd}-{1:D5}",
          "ValueType": 0,
          "DefaultValue": "RFQ{0:yyMMdd}-{1:D5}",
          "RawDefaultValue": "RFQ{0:yyMMdd}-{1:D5}",
          "IsArray": false,
          "Title": "RFQ number template",
          "Description": "The template (pattern) that will be used to generate the number for new Quote Request. Parameters: 0 - date (the UTC time of number generation); 1 - the sequence number.",
          "IsRuntime": true
        },
        {
          "ModuleId": "VirtoCommerce.Store",
          "GroupName": "Store|General",
          "Name": "Stores.ExportImport.Description",
          "Value": "Export/Import stores with all related informations",
          "RawValue": "Export/Import stores with all related informations",
          "ValueType": 0,
          "DefaultValue": "Export/Import stores with all related information",
          "RawDefaultValue": "Export/Import stores with all related information",
          "IsArray": false,
          "Title": "Export/Import description",
          "Description": "Module description in platform export/import wizard",
          "IsRuntime": false
        },
        {
          "ModuleId": "VirtoCommerce.Store",
          "GroupName": "Store|SEO",
          "Name": "Stores.SeoLinksType",
          "Value": "Long",
          "RawValue": "Long",
          "ValueType": 0,
          "AllowedValues": [
            "None",
            "Short",
            "Collapsed",
            "Long"
          ],
          "DefaultValue": "Collapsed",
          "RawDefaultValue": "Collapsed",
          "IsArray": false,
          "Title": "SEO Links",
          "Description": "Determines how to generate links for products and categories. Long: /virtual-parent-category/physical-parent-category/my-cool-category/my-cool-product, Collapsed: /virtual-parent-category/my-cool-category/my-cool-product, Short: /my-cool-product, None: /product/123",
          "IsRuntime": false
        },
        {
          "ModuleId": "VirtoCommerce.Store",
          "GroupName": "Store|General",
          "Name": "Stores.States",
          "RawValue": "Open",
          "ValueType": 0,
          "DefaultValue": "Open",
          "RawDefaultValue": "Open",
          "IsArray": true,
          "ArrayValues": [
            "RestrictedAccess",
            "Closed",
            "Open"
          ],
          "RawArrayValues": [
            "Closed",
            "Open",
            "RestrictedAccess"
          ],
          "Title": "States",
          "Description": "States that a store can be in",
          "IsRuntime": false
        },
        {
          "ModuleId": "VirtoCommerce.Store",
          "GroupName": "Store|General",
          "Name": "Stores.TaxCalculationEnabled",
          "Value": "True",
          "RawValue": true,
          "ValueType": 5,
          "DefaultValue": "true",
          "RawDefaultValue": true,
          "IsArray": false,
          "Title": "Enable Tax Calculation",
          "Description": "Setting to off prevents tax calculation on storefront",
          "IsRuntime": false
        },
        {
          "ModuleId": "VirtoCommerce.Subscription",
          "GroupName": "Subscriptions|General",
          "Name": "Subscription.EnableSubscriptions",
          "Value": "True",
          "RawValue": true,
          "ValueType": 5,
          "DefaultValue": "True",
          "RawDefaultValue": true,
          "IsArray": false,
          "Title": "Enable subscriptions",
          "Description": "Flag for activating subscriptions in store",
          "IsRuntime": true
        }
      ],
      "CreatedDate": "2015-10-06T22:39:51.553",
      "ModifiedDate": "2016-12-26T12:55:25.043",
      "CreatedBy": "unknown",
      "ModifiedBy": "admin",
      "Id": "Electronics"
    }
  ]
}