﻿{
  "QuoteRequests": [
    {
      "Number": "RFQ151009-00100",
      "StoreId": "Electronics",
      "IsAnonymous": false,
      "CustomerId": "d2d9b741-5453-4ad8-aa46-d07478b9a931",
      "CustomerName": "Barny Collins",
      "EnableNotification": false,
      "IsLocked": false,
      "Status": "Processing",
      "Comment": "any discounts?",
      "Currency": "USD",
      "ManualShippingTotal": 0.0000,
      "ManualSubTotal": 0.0000,
      "ManualRelDiscountAmount": 0.00,
      "ShipmentMethod": {
        "ShipmentMethodCode": "FixedRate",
        "Price": 0.0
      },
      "Addresses": [],
      "Items": [
        {
          "Currency": "USD",
          "ListPrice": 220.5200,
          "SalePrice": 220.5200,
          "Sku": "16785001",
          "ProductId": "0f7a77cc1b9a46a29f6a159e5cd49ad1",
          "CatalogId": "fake",
          "CategoryId": "fake",
          "Name": "Beats by Dre Solo 2 On-ear Headphones (color: Black)",
          "ImageUrl": "http://virtocommerce.blob.core.windows.net/catalog/Beats-by-Dre-Solo-2-On-ear-Headphones-52e77de4-8d17-44f3-bfe1-4472370f4a8d.jpg",
          "SelectedTierPrice": {
            "Price": 220.5200,
            "Quantity": 1
          },
          "ProposalPrices": [
            {
              "Price": 220.5200,
              "Quantity": 1
            }
          ],
          "CreatedDate": "0001-01-01T00:00:00",
          "Id": "39931d503d4c4380ba11099ff10a016f"
        },
        {
          "Currency": "USD",
          "ListPrice": 220.5200,
          "SalePrice": 220.5200,
          "Sku": "WOK-81914364",
          "ProductId": "fb4c38fa746d44ffb70d4f904a7741b0",
          "CatalogId": "fake",
          "CategoryId": "fake",
          "Name": "Beats by Dre Solo 2 On-ear Headphones, Blue (color: Blue)",
          "ImageUrl": "http://virtocommerce.blob.core.windows.net/catalog/Beats-by-Dre-Solo-2-On-ear-Headphones-10c5f465-d1c4-42e1-8742-d9bd4186e27c.jpg",
          "SelectedTierPrice": {
            "Price": 220.5200,
            "Quantity": 1
          },
          "ProposalPrices": [
            {
              "Price": 220.5200,
              "Quantity": 1
            }
          ],
          "CreatedDate": "0001-01-01T00:00:00",
          "Id": "642a8d2caf2947829082c1c22e1f60b6"
        },
        {
          "Currency": "USD",
          "ListPrice": 220.5200,
          "SalePrice": 220.5200,
          "Sku": "VRT-57602448",
          "ProductId": "4a835614487e4d599d17b77652872001",
          "CatalogId": "fake",
          "CategoryId": "fake",
          "Name": "Beats by Dre Solo 2 On-ear Headphones, Pink (color: Pink)",
          "ImageUrl": "http://virtocommerce.blob.core.windows.net/catalog/Beats-by-Dre-Solo-2-On-ear-Headphones-e75d7303-14e8-4ff0-9908-c5d2db7750e7.jpg",
          "SelectedTierPrice": {
            "Price": 220.5200,
            "Quantity": 1
          },
          "ProposalPrices": [
            {
              "Price": 220.5200,
              "Quantity": 1
            }
          ],
          "CreatedDate": "0001-01-01T00:00:00",
          "Id": "815c8d401cf74a36a939301b217c0acc"
        },
        {
          "Currency": "USD",
          "ListPrice": 220.5200,
          "SalePrice": 220.5200,
          "Sku": "RYU-16878889",
          "ProductId": "a5bc65b871e947dabb0bc88239c085b3",
          "CatalogId": "fake",
          "CategoryId": "fake",
          "Name": "Beats by Dre Solo 2 On-ear Headphones, Red (color: Red)",
          "ImageUrl": "http://virtocommerce.blob.core.windows.net/catalog/Beats-by-Dre-Solo-2-On-ear-Headphones-37afd34c-de9c-4e20-926b-634279a2597f.jpg",
          "SelectedTierPrice": {
            "Price": 220.5200,
            "Quantity": 1
          },
          "ProposalPrices": [
            {
              "Price": 220.5200,
              "Quantity": 1
            }
          ],
          "CreatedDate": "0001-01-01T00:00:00",
          "Id": "f5e028a4e25642ba94e028b3d29fb899"
        },
        {
          "Currency": "USD",
          "ListPrice": 220.5200,
          "SalePrice": 220.5200,
          "Sku": "DNT-08357852",
          "ProductId": "a9185fbb41d14e1baa355e631f06e8fd",
          "CatalogId": "fake",
          "CategoryId": "fake",
          "Name": "Beats by Dre Solo 2 On-ear Headphones, Silver (color: Silver)",
          "ImageUrl": "http://virtocommerce.blob.core.windows.net/catalog/Beats-by-Dre-Solo-2-On-ear-Headphones-3f7c7243-49df-4398-8fec-9eacf934ef5a.jpg",
          "SelectedTierPrice": {
            "Price": 220.5200,
            "Quantity": 1
          },
          "ProposalPrices": [
            {
              "Price": 220.5200,
              "Quantity": 1
            }
          ],
          "CreatedDate": "0001-01-01T00:00:00",
          "Id": "f92ff44e87bf4c7d9e63b70849b05f60"
        }
      ],
      "Attachments": [],
      "OperationsLog": [],
      "IsCancelled": false,
      "ObjectType": "VirtoCommerce.Domain.Quote.Model.QuoteRequest",
      "DynamicProperties": [],
      "CreatedDate": "2016-10-09T12:14:27.94",
      "ModifiedDate": "2016-10-09T12:47:05.81",
      "CreatedBy": "frontend",
      "ModifiedBy": "admin",
      "Id": "043b54198731430d947994317d992db9"
    },
    {
      "Number": "RFQ151009-00200",
      "StoreId": "Electronics",
      "IsAnonymous": false,
      "CustomerId": "bomba89@example.com",
      "CustomerName": "Alex Starberg",
      "EnableNotification": false,
      "IsLocked": false,
      "Status": "Processing",
      "Currency": "USD",
      "ManualShippingTotal": 0.0000,
      "ManualSubTotal": 0.0000,
      "ManualRelDiscountAmount": 0.00,
      "Addresses": [],
      "Items": [
        {
          "Currency": "USD",
          "ListPrice": 589.9900,
          "SalePrice": 589.9900,
          "Sku": "SAGN4N910CBK",
          "ProductId": "ad4ae79ffdbc4c97959139a0c387c72e",
          "CatalogId": "fake",
          "CategoryId": "fake",
          "Name": "Samsung Galaxy Note 4 SM-N910C 32GB (color: Black, internal Storage (GB): 32, memory Card Slot: True)",
          "ImageUrl": "http://localhost/VirtoCommerce.Platform.Web/Assets/catalog/1430837121000_1135355.jpg",
          "SelectedTierPrice": {
            "Price": 589.9900,
            "Quantity": 1
          },
          "ProposalPrices": [
            {
              "Price": 589.9900,
              "Quantity": 1
            }
          ],
          "CreatedDate": "0001-01-01T00:00:00",
          "Id": "d42e05092368486ab0cfa6866029c84d"
        }
      ],
      "Attachments": [],
      "OperationsLog": [],
      "IsCancelled": false,
      "ObjectType": "VirtoCommerce.Domain.Quote.Model.QuoteRequest",
      "DynamicProperties": [],
      "CreatedDate": "2016-10-09T12:09:18.717",
      "ModifiedDate": "2016-10-09T12:09:24.177",
      "CreatedBy": "frontend",
      "ModifiedBy": "frontend",
      "Id": "1837905941644393b159f29e02ab038b"
    },
    {
      "Number": "RFQ151009-00208",
      "StoreId": "Electronics",
      "IsAnonymous": false,
      "CustomerId": "0cda0396-43fe-4034-a20e-d0bab4c88c93",
      "CustomerName": "George Basker",
      "EnableNotification": false,
      "IsLocked": false,
      "Status": "Processing",
      "Comment": "any discount?",
      "Currency": "USD",
      "ManualShippingTotal": 0.0000,
      "ManualSubTotal": 0.0000,
      "ManualRelDiscountAmount": 0.00,
      "Addresses": [],
      "Items": [
        {
          "Currency": "USD",
          "ListPrice": 498.0000,
          "SalePrice": 498.0000,
          "Sku": "SOHDRPJ540B",
          "ProductId": "77bffc3b23ba4b48a56baa56bd5d769c",
          "CatalogId": "fake",
          "CategoryId": "fake",
          "Name": "Sony 32GB HDR-PJ540 Full HD Handycam Camcorder with Built-in Projector (Title: Default Title)",
          "ImageUrl": "http://virtocommerce.blob.core.windows.net/catalog/1434579141000_IMG_362938.jpg",
          "SelectedTierPrice": {
            "Price": 498.0000,
            "Quantity": 1
          },
          "ProposalPrices": [
            {
              "Price": 498.0000,
              "Quantity": 1
            }
          ],
          "CreatedDate": "0001-01-01T00:00:00",
          "Id": "90f08f0cef6d4d72954445f1a2858437"
        },
        {
          "Currency": "USD",
          "ListPrice": 797.9900,
          "SalePrice": 797.9900,
          "Sku": "PAHCVX870",
          "ProductId": "b4a2edc523db4114a5e8ccbff5747667",
          "CatalogId": "fake",
          "CategoryId": "fake",
          "Name": "Panasonic HC-VX870K 4K Ultra HD Camcorder (Title: Default Title)",
          "ImageUrl": "http://virtocommerce.blob.core.windows.net/catalog/1420483149000_1109406.jpg",
          "SelectedTierPrice": {
            "Price": 797.9900,
            "Quantity": 1
          },
          "ProposalPrices": [
            {
              "Price": 797.9900,
              "Quantity": 1
            }
          ],
          "CreatedDate": "0001-01-01T00:00:00",
          "Id": "9497e2f722bc442aa7e59a1f7e4a0e1a"
        },
        {
          "Currency": "USD",
          "ListPrice": 1698.0000,
          "SalePrice": 1698.0000,
          "Sku": "SOFDRAX100",
          "ProductId": "f0133829838f4b1e8019ff045bb31cd7",
          "CatalogId": "fake",
          "CategoryId": "fake",
          "Name": "Sony FDR-AX100 4K Ultra HD Camcorder (Title: Default Title)",
          "ImageUrl": "http://virtocommerce.blob.core.windows.net/catalog/1389198276000_IMG_360504.jpg",
          "SelectedTierPrice": {
            "Price": 1698.0000,
            "Quantity": 1
          },
          "ProposalPrices": [
            {
              "Price": 1698.0000,
              "Quantity": 1
            }
          ],
          "CreatedDate": "0001-01-01T00:00:00",
          "Id": "a15e5ab95e714a8ebdc444e4e3bdd4e8"
        }
      ],
      "Attachments": [],
      "OperationsLog": [],
      "IsCancelled": false,
      "ObjectType": "VirtoCommerce.Domain.Quote.Model.QuoteRequest",
      "DynamicProperties": [],
      "CreatedDate": "2016-10-09T13:08:01",
      "ModifiedDate": "2016-10-09T13:08:41.1",
      "CreatedBy": "frontend",
      "ModifiedBy": "frontend",
      "Id": "2fe10f1bd20e4f498de69ceb1cf30519"
    },
    {
      "Number": "RFQ151009-00209",
      "StoreId": "Electronics",
      "IsAnonymous": false,
      "CustomerId": "0cda0396-43fe-4034-a20e-d0bab4c88c93",
      "CustomerName": "George Basker",
      "EnableNotification": false,
      "IsLocked": true,
      "Status": "Processing",
      "Comment": "for free?",
      "Currency": "USD",
      "ManualShippingTotal": 0.0000,
      "ManualSubTotal": 0.0000,
      "ManualRelDiscountAmount": 0.00,
      "Addresses": [
        {
          "AddressType": 1,
          "Organization": " ",
          "CountryName": "United States",
          "City": "Livingston",
          "PostalCode": "77462",
          "Line1": "100 Rainbow Drive",
          "RegionName": "Alabama",
          "FirstName": "George",
          "LastName": "Basker",
          "Phone": "936-440-2330",
          "Email": "georgebas@example.com"
        },
        {
          "AddressType": 2,
          "Organization": " ",
          "CountryName": "United States",
          "City": "Livingston",
          "PostalCode": "77462",
          "Line1": "100 Rainbow Drive",
          "RegionName": "Alabama",
          "FirstName": "George",
          "LastName": "Basker",
          "Phone": "936-440-2330",
          "Email": "georgebas@example.com"
        }
      ],
      "Items": [
        {
          "Currency": "USD",
          "ListPrice": 998.0000,
          "SalePrice": 998.0000,
          "Sku": "SOXBR49X830C",
          "ProductId": "44d62e31a783468fa161bccd1b7de19e",
          "CatalogId": "fake",
          "CategoryId": "fake",
          "Name": "Sony XBR-49X830C 49\"-Class 4K Smart LED TV (Title: Default Title)",
          "ImageUrl": "http://virtocommerce.blob.core.windows.net/catalog/1424805855000_1120442.jpg",
          "SelectedTierPrice": {
            "Price": 998.0000,
            "Quantity": 1
          },
          "ProposalPrices": [
            {
              "Price": 998.0000,
              "Quantity": 1
            }
          ],
          "CreatedDate": "0001-01-01T00:00:00",
          "Id": "4eb549b43a0249af95351f0f95f810e5"
        },
        {
          "Currency": "USD",
          "ListPrice": 298.0000,
          "SalePrice": 298.0000,
          "Sku": "SOBDVE3100",
          "ProductId": "cb8b439491444dad94030be5f551901c",
          "CatalogId": "fake",
          "CategoryId": "fake",
          "Name": "Sony BDV-E3100 3D Blu-ray Home Theater with Wi-Fi (color: Black)",
          "ImageUrl": "http://virtocommerce.blob.core.windows.net/catalog/1365778134000_964998.jpg",
          "SelectedTierPrice": {
            "Price": 298.0000,
            "Quantity": 1
          },
          "ProposalPrices": [
            {
              "Price": 298.0000,
              "Quantity": 1
            }
          ],
          "CreatedDate": "0001-01-01T00:00:00",
          "Id": "5bcf925dc68f41448fcb0753ead2f047"
        },
        {
          "Currency": "USD",
          "ListPrice": 1199.0000,
          "SalePrice": 1199.0000,
          "Sku": "ONHTS9700THX",
          "ProductId": "7ae66c41242c4020a3328d5e841bda49",
          "CatalogId": "fake",
          "CategoryId": "fake",
          "Name": "Onkyo HT-S9700THX 7.1-Channel Network Home Theater System (color: Black)",
          "ImageUrl": "http://virtocommerce.blob.core.windows.net/catalog/1423606907000_1119309.jpg",
          "SelectedTierPrice": {
            "Price": 1199.0000,
            "Quantity": 1
          },
          "ProposalPrices": [
            {
              "Price": 1199.0000,
              "Quantity": 1
            }
          ],
          "CreatedDate": "0001-01-01T00:00:00",
          "Id": "6cf3f4045c744c42a82368bc77b13cc7"
        },
        {
          "Currency": "USD",
          "ListPrice": 399.0000,
          "SalePrice": 399.0000,
          "Sku": "ONHTS3700",
          "ProductId": "cbd8eab4f76b4e34b779d9c59dbc13fe",
          "CatalogId": "fake",
          "CategoryId": "fake",
          "Name": "Onkyo HT-S3700 5.1-Channel Network Home Theater System (color: Black)",
          "ImageUrl": "http://virtocommerce.blob.core.windows.net/catalog/1410532544000_1081938.jpg",
          "SelectedTierPrice": {
            "Price": 399.0000,
            "Quantity": 1
          },
          "ProposalPrices": [
            {
              "Price": 399.0000,
              "Quantity": 1
            }
          ],
          "CreatedDate": "0001-01-01T00:00:00",
          "Id": "963a1972218e409d8505295afaca9fdd"
        },
        {
          "Currency": "USD",
          "ListPrice": 327.9900,
          "SalePrice": 327.9900,
          "Sku": "SAHTJ5500W",
          "ProductId": "8e3a763a3cff407b97e2a2f6390b4048",
          "CatalogId": "fake",
          "CategoryId": "fake",
          "Name": "Samsung HT-J5500W 5.1-Channel Smart Blu-ray Home Theater System (color: Black)",
          "ImageUrl": "http://virtocommerce.blob.core.windows.net/catalog/1427082521000_1125859.jpg",
          "SelectedTierPrice": {
            "Price": 327.9900,
            "Quantity": 1
          },
          "ProposalPrices": [
            {
              "Price": 327.9900,
              "Quantity": 1
            }
          ],
          "CreatedDate": "0001-01-01T00:00:00",
          "Id": "b1df6218848340adafc5b8106e72f322"
        }
      ],
      "Attachments": [],
      "OperationsLog": [],
      "IsCancelled": false,
      "ObjectType": "VirtoCommerce.Domain.Quote.Model.QuoteRequest",
      "DynamicProperties": [],
      "CreatedDate": "2016-10-09T13:08:59.91",
      "ModifiedDate": "2016-10-09T13:10:18.843",
      "CreatedBy": "frontend",
      "ModifiedBy": "admin",
      "Id": "51321ab79450465e867574271713b73c"
    },
    {
      "Number": "RFQ151009-00207",
      "StoreId": "Electronics",
      "IsAnonymous": false,
      "CustomerId": "0cda0396-43fe-4034-a20e-d0bab4c88c93",
      "CustomerName": "George Basker",
      "EnableNotification": false,
      "IsLocked": false,
      "Status": "Proposal sent",
      "Currency": "USD",
      "ManualShippingTotal": 0.0000,
      "ManualSubTotal": 0.0000,
      "ManualRelDiscountAmount": 0.00,
      "ShipmentMethod": {
        "ShipmentMethodCode": "FixedRate",
        "Price": 0.0
      },
      "Addresses": [],
      "Items": [
        {
          "Currency": "USD",
          "ListPrice": 1329.0500,
          "SalePrice": 1329.0500,
          "Sku": "WATALIH500",
          "ProductId": "7384ecc9cba84f2eb755c5136736bb9f",
          "CatalogId": "fake",
          "CategoryId": "fake",
          "Name": "Walkera TALI H500 Hexacopter (Title: Default Title)",
          "Comment": "special prices for you",
          "ImageUrl": "http://virtocommerce.blob.core.windows.net/catalog/1415218859000_1087071.jpg",
          "SelectedTierPrice": {
            "Price": 1320.0000,
            "Quantity": 5
          },
          "ProposalPrices": [
            {
              "Price": 1320.0000,
              "Quantity": 5
            },
            {
              "Price": 1305.0000,
              "Quantity": 7
            },
            {
              "Price": 1329.0500,
              "Quantity": 1
            },
            {
              "Price": 1310.0000,
              "Quantity": 6
            }
          ],
          "CreatedDate": "0001-01-01T00:00:00",
          "Id": "f1cfe028a4ef43aa9293c6bb00e6d0b9"
        }
      ],
      "Attachments": [],
      "OperationsLog": [],
      "IsCancelled": false,
      "ObjectType": "VirtoCommerce.Domain.Quote.Model.QuoteRequest",
      "DynamicProperties": [],
      "CreatedDate": "2016-10-09T13:06:04.513",
      "ModifiedDate": "2016-10-09T13:07:41.733",
      "CreatedBy": "frontend",
      "ModifiedBy": "admin",
      "Id": "6635f96d787a4f14b3924a172acb4c1a"
    },
    {
      "Number": "RFQ151009-00211",
      "StoreId": "Electronics",
      "IsAnonymous": false,
      "CustomerId": "237a4784-d25f-419e-b4d7-cf151393d1cc",
      "CustomerName": "Rob White",
      "EnableNotification": false,
      "IsLocked": false,
      "Status": "Processing",
      "Comment": "Special prices for you!",
      "Currency": "USD",
      "ManualShippingTotal": 0.0000,
      "ManualSubTotal": 0.0000,
      "ManualRelDiscountAmount": 0.00,
      "ShipmentMethod": {
        "ShipmentMethodCode": "FixedRate",
        "Price": 0.0
      },
      "Addresses": [],
      "Items": [
        {
          "Currency": "USD",
          "ListPrice": 3295.0000,
          "SalePrice": 3295.0000,
          "Sku": "SUDS3214PSL",
          "ProductId": "92e671024a8648de97dedcd488f58455",
          "CatalogId": "fake",
          "CategoryId": "fake",
          "Name": "SunBriteTV DS-3214P-SL 32\" Weatherproof LED - Portrait Mode (Silver) (Title: Default Title)",
          "ImageUrl": "http://virtocommerce.blob.core.windows.net/catalog/1404828395000_1063384.jpg",
          "SelectedTierPrice": {
            "Price": 3285.0000,
            "Quantity": 3
          },
          "ProposalPrices": [
            {
              "Price": 3285.0000,
              "Quantity": 3
            },
            {
              "Price": 3275.0000,
              "Quantity": 4
            },
            {
              "Price": 3295.0000,
              "Quantity": 1
            },
            {
              "Price": 3290.0000,
              "Quantity": 2
            },
            {
              "Price": 3270.0000,
              "Quantity": 5
            }
          ],
          "CreatedDate": "0001-01-01T00:00:00",
          "Id": "8fc7cfcf729346cf9044ad4aa6b024ee"
        }
      ],
      "Attachments": [],
      "OperationsLog": [],
      "IsCancelled": false,
      "ObjectType": "VirtoCommerce.Domain.Quote.Model.QuoteRequest",
      "DynamicProperties": [],
      "CreatedDate": "2016-10-09T13:14:21.89",
      "ModifiedDate": "2016-10-09T13:17:27.113",
      "CreatedBy": "frontend",
      "ModifiedBy": "admin",
      "Id": "69ec163aa2334536b40aec86ce43ea25"
    },
    {
      "Number": "RFQ151009-00204",
      "StoreId": "Electronics",
      "IsAnonymous": false,
      "CustomerId": "820c58c5-b518-454b-aefd-2fc4616bd25e",
      "CustomerName": "Alex Starberg",
      "EnableNotification": false,
      "IsLocked": false,
      "Status": "Proposal sent",
      "Currency": "USD",
      "ManualShippingTotal": 0.0000,
      "ManualSubTotal": 0.0000,
      "ManualRelDiscountAmount": 0.00,
      "ShipmentMethod": {
        "ShipmentMethodCode": "FixedRate",
        "Price": 0.0
      },
      "Addresses": [],
      "Items": [
        {
          "Currency": "USD",
          "ListPrice": 327.9900,
          "SalePrice": 327.9900,
          "Sku": "SAHTJ5500W",
          "ProductId": "8e3a763a3cff407b97e2a2f6390b4048",
          "CatalogId": "fake",
          "CategoryId": "fake",
          "Name": "Samsung HT-J5500W 5.1-Channel Smart Blu-ray Home Theater System (color: Black)",
          "Comment": "can get this as a gift?\nManager: can offer a $227.99 discount. Great deal!",
          "ImageUrl": "http://virtocommerce.blob.core.windows.net/catalog/1427082521000_1125859.jpg",
          "SelectedTierPrice": {
            "Price": 100.0000,
            "Quantity": 1
          },
          "ProposalPrices": [
            {
              "Price": 100.0000,
              "Quantity": 1
            }
          ],
          "CreatedDate": "0001-01-01T00:00:00",
          "Id": "261fcea056c34d05bba46ceb0d1c26a8"
        },
        {
          "Currency": "USD",
          "ListPrice": 6999.0000,
          "SalePrice": 6999.0000,
          "Sku": "LG65EG9600",
          "ProductId": "8db64bd60a354c4c96e25e61d7361565",
          "CatalogId": "fake",
          "CategoryId": "fake",
          "Name": "LG EG9600 Series 65\"-Class 4K Smart Curved OLED 3D TV (Title: Default Title)",
          "ImageUrl": "http://virtocommerce.blob.core.windows.net/catalog/1433168408000_1119811.jpg",
          "SelectedTierPrice": {
            "Price": 6999.0000,
            "Quantity": 1
          },
          "ProposalPrices": [
            {
              "Price": 6999.0000,
              "Quantity": 1
            }
          ],
          "CreatedDate": "0001-01-01T00:00:00",
          "Id": "86faad9c2f4a4498bb07acb7d8de5787"
        }
      ],
      "Attachments": [],
      "OperationsLog": [],
      "IsCancelled": false,
      "ObjectType": "VirtoCommerce.Domain.Quote.Model.QuoteRequest",
      "DynamicProperties": [],
      "CreatedDate": "2016-10-09T12:50:54.717",
      "ModifiedDate": "2016-10-09T12:56:24.6",
      "CreatedBy": "frontend",
      "ModifiedBy": "admin",
      "Id": "6c2999a56d094173994282076acf6238"
    },
    {
      "Number": "RFQ151009-00201",
      "StoreId": "Electronics",
      "IsAnonymous": false,
      "CustomerId": "d2d9b741-5453-4ad8-aa46-d07478b9a931",
      "CustomerName": "Barny Collins",
      "EnableNotification": false,
      "IsLocked": false,
      "Status": "Proposal sent",
      "Comment": "any discount would be nice\nManager: we can wrap each item as a gift for free.",
      "Currency": "USD",
      "ManualShippingTotal": 0.0000,
      "ManualSubTotal": 0.0000,
      "ManualRelDiscountAmount": 0.00,
      "ShipmentMethod": {
        "ShipmentMethodCode": "FixedRate",
        "Price": 0.0
      },
      "Addresses": [
        {
          "AddressType": 1,
          "Organization": "-",
          "CountryName": "United States",
          "City": "Eugene",
          "PostalCode": "97404",
          "Line1": "5851 E 13th Ave.",
          "RegionName": "Alabama",
          "FirstName": "Barny",
          "LastName": "Collins",
          "Phone": "541-459-5567",
          "Email": "barbar@example.com"
        },
        {
          "AddressType": 2,
          "Organization": "-",
          "CountryName": "United States",
          "City": "Eugene",
          "PostalCode": "97404",
          "Line1": "5851 E 13th Ave.",
          "RegionName": "Alabama",
          "FirstName": "Barny",
          "LastName": "Collins",
          "Phone": "541-459-5567",
          "Email": "barbar@example.com"
        }
      ],
      "Items": [
        {
          "Currency": "USD",
          "ListPrice": 220.5200,
          "SalePrice": 220.5200,
          "Sku": "16785001",
          "ProductId": "0f7a77cc1b9a46a29f6a159e5cd49ad1",
          "CatalogId": "fake",
          "CategoryId": "fake",
          "Name": "Beats by Dre Solo 2 On-ear Headphones (color: Black)",
          "Comment": "can you wrap each as a gift?",
          "ImageUrl": "http://virtocommerce.blob.core.windows.net/catalog/Beats-by-Dre-Solo-2-On-ear-Headphones-52e77de4-8d17-44f3-bfe1-4472370f4a8d.jpg",
          "SelectedTierPrice": {
            "Price": 220.5200,
            "Quantity": 2
          },
          "ProposalPrices": [
            {
              "Price": 220.5200,
              "Quantity": 2
            }
          ],
          "CreatedDate": "0001-01-01T00:00:00",
          "Id": "48c7f9aa986a4a8ba2e1af85537f6b8e"
        }
      ],
      "Attachments": [],
      "OperationsLog": [],
      "IsCancelled": false,
      "ObjectType": "VirtoCommerce.Domain.Quote.Model.QuoteRequest",
      "DynamicProperties": [],
      "CreatedDate": "2016-10-09T12:20:18.08",
      "ModifiedDate": "2016-10-09T12:44:13.417",
      "CreatedBy": "frontend",
      "ModifiedBy": "admin",
      "Id": "7ed26d6cf70d46dbac7c574684ad4da8"
    },
    {
      "Number": "RFQ151009-00200",
      "StoreId": "Electronics",
      "IsAnonymous": false,
      "CustomerId": "d2d9b741-5453-4ad8-aa46-d07478b9a931",
      "CustomerName": "Barny Collins",
      "EnableNotification": false,
      "IsLocked": false,
      "Status": "Processing",
      "Currency": "USD",
      "ManualShippingTotal": 0.0000,
      "ManualSubTotal": 0.0000,
      "ManualRelDiscountAmount": 0.00,
      "Addresses": [],
      "Items": [
        {
          "Currency": "USD",
          "ListPrice": 142.7200,
          "SalePrice": 142.7200,
          "Sku": "17070626",
          "ProductId": "143e3eb3d1ee4a2bbf8fa0ecacfd1222",
          "CatalogId": "fake",
          "CategoryId": "fake",
          "Name": "Beats by Dre Studio Red Over-ear Active Noise Canceling (color: Red)",
          "ImageUrl": "http://virtocommerce.blob.core.windows.net/catalog/Beats-by-Dr.-Dre-Studio-High-Definition-Active-Noise-Canceling-Headphones-Red-64462ddb-48b2-4790-8adb-2486e87074bb.jpg",
          "SelectedTierPrice": {
            "Price": 142.7200,
            "Quantity": 2
          },
          "ProposalPrices": [
            {
              "Price": 142.7200,
              "Quantity": 2
            },
            {
              "Price": 142.7200,
              "Quantity": 50
            },
            {
              "Price": 142.7200,
              "Quantity": 10
            }
          ],
          "CreatedDate": "0001-01-01T00:00:00",
          "Id": "543a578d29c74a608fb20111b3558646"
        }
      ],
      "Attachments": [],
      "OperationsLog": [],
      "IsCancelled": false,
      "ObjectType": "VirtoCommerce.Domain.Quote.Model.QuoteRequest",
      "DynamicProperties": [],
      "CreatedDate": "2016-10-09T12:18:56.557",
      "ModifiedDate": "2016-10-09T12:19:30.257",
      "CreatedBy": "frontend",
      "ModifiedBy": "frontend",
      "Id": "976c36bef5634f9ab582fc2a2c9df0da"
    },
    {
      "Number": "RFQ151009-00205",
      "StoreId": "Electronics",
      "IsAnonymous": false,
      "CustomerId": "42e9ad63-cfe5-4ef8-b5e3-c86522c22d84",
      "CustomerName": "Eugene Fritz",
      "EnableNotification": false,
      "IsLocked": true,
      "Status": "Processing",
      "Comment": "what discounts can I get?",
      "Currency": "USD",
      "ManualShippingTotal": 0.0000,
      "ManualSubTotal": 0.0000,
      "ManualRelDiscountAmount": 0.00,
      "Addresses": [],
      "Items": [
        {
          "Currency": "USD",
          "ListPrice": 299.0000,
          "SalePrice": 299.0000,
          "Sku": "ASZF264GBSL",
          "ProductId": "f9330eb5ed78427abb4dc4089bc37d9f",
          "CatalogId": "fake",
          "CategoryId": "fake",
          "Name": "ASUS ZenFone 2 ZE551ML 64GB Smartphone (color: Gray, internal Storage (GB): 64, memory Card Slot: True)",
          "ImageUrl": "http://virtocommerce.blob.core.windows.net/catalog/1431971520000_1134359.jpg",
          "SelectedTierPrice": {
            "Price": 299.0000,
            "Quantity": 1
          },
          "ProposalPrices": [
            {
              "Price": 299.0000,
              "Quantity": 1
            },
            {
              "Price": 299.0000,
              "Quantity": 10
            }
          ],
          "CreatedDate": "0001-01-01T00:00:00",
          "Id": "22f58902d6d74f2b8b2c0dcc66c72038"
        },
        {
          "Currency": "USD",
          "ListPrice": 599.0000,
          "SalePrice": 599.0000,
          "Sku": "SAG920F32GBB",
          "ProductId": "7c835a9b1c8e4445aa118dae659231c3",
          "CatalogId": "fake",
          "CategoryId": "fake",
          "Name": "Samsung Galaxy S6 SM-G920F 32GB (color: Black, internal Storage (GB): 32, memory Card Slot: False)",
          "ImageUrl": "http://virtocommerce.blob.core.windows.net/catalog/1431530477000_1147140.jpg",
          "SelectedTierPrice": {
            "Price": 599.0000,
            "Quantity": 10
          },
          "ProposalPrices": [
            {
              "Price": 599.0000,
              "Quantity": 10
            },
            {
              "Price": 599.0000,
              "Quantity": 1
            }
          ],
          "CreatedDate": "0001-01-01T00:00:00",
          "Id": "589876df92e44a94aa30959fe253fe7b"
        },
        {
          "Currency": "USD",
          "ListPrice": 199.0000,
          "SalePrice": 199.0000,
          "Sku": "ASZF216GBSL",
          "ProductId": "8b7b07c165924a879392f4f51a6f7ce0",
          "CatalogId": "fake",
          "CategoryId": "fake",
          "Name": "ASUS ZenFone 2 ZE551ML 16GB Smartphone (color: Gray, internal Storage (GB): 16, memory Card Slot: True)",
          "ImageUrl": "http://virtocommerce.blob.core.windows.net/catalog/1431971520000_1134358.jpg",
          "SelectedTierPrice": {
            "Price": 199.0000,
            "Quantity": 10
          },
          "ProposalPrices": [
            {
              "Price": 199.0000,
              "Quantity": 10
            },
            {
              "Price": 199.0000,
              "Quantity": 1
            }
          ],
          "CreatedDate": "0001-01-01T00:00:00",
          "Id": "7708bdd885cc43178066d51d14bbe475"
        },
        {
          "Currency": "USD",
          "ListPrice": 249.9500,
          "SalePrice": 249.9500,
          "Sku": "MIL640X4GLWH",
          "ProductId": "1486f5a1a25f48a999189c081792a379",
          "CatalogId": "fake",
          "CategoryId": "fake",
          "Name": "Microsoft Lumia 640 XL RM-1065 8GB Dual SIM (color: White, internal Storage (GB): 8, memory Card Slot: True)",
          "ImageUrl": "http://virtocommerce.blob.core.windows.net/catalog/1432753636000_1148739.jpg",
          "SelectedTierPrice": {
            "Price": 249.9500,
            "Quantity": 10
          },
          "ProposalPrices": [
            {
              "Price": 249.9500,
              "Quantity": 10
            },
            {
              "Price": 249.9500,
              "Quantity": 1
            }
          ],
          "CreatedDate": "0001-01-01T00:00:00",
          "Id": "b017b7855d964a49a2cfb450e1eb0212"
        }
      ],
      "Attachments": [],
      "OperationsLog": [],
      "IsCancelled": false,
      "ObjectType": "VirtoCommerce.Domain.Quote.Model.QuoteRequest",
      "DynamicProperties": [],
      "CreatedDate": "2016-10-09T12:58:13.037",
      "ModifiedDate": "2016-10-09T13:00:38.787",
      "CreatedBy": "frontend",
      "ModifiedBy": "admin",
      "Id": "a9ba6e575a5f44a2a78f1b3813aa376f"
    },
    {
      "Number": "RFQ151009-00206",
      "StoreId": "Electronics",
      "IsAnonymous": false,
      "CustomerId": "42e9ad63-cfe5-4ef8-b5e3-c86522c22d84",
      "CustomerName": "Eugene Fritz",
      "EnableNotification": false,
      "IsLocked": false,
      "Status": "Proposal sent",
      "Currency": "USD",
      "ManualShippingTotal": 1.0000,
      "ManualSubTotal": 25000.0000,
      "ManualRelDiscountAmount": 0.00,
      "Addresses": [],
      "Items": [
        {
          "Currency": "USD",
          "ListPrice": 589.9900,
          "SalePrice": 589.9900,
          "Sku": "SAGN4N910CBK",
          "ProductId": "ad4ae79ffdbc4c97959139a0c387c72e",
          "CatalogId": "fake",
          "CategoryId": "fake",
          "Name": "Samsung Galaxy Note 4 SM-N910C 32GB (color: Black, internal Storage (GB): 32, memory Card Slot: True)",
          "ImageUrl": "http://virtocommerce.blob.core.windows.net/catalog/1430837121000_1135355.jpg",
          "SelectedTierPrice": {
            "Price": 589.9900,
            "Quantity": 20
          },
          "ProposalPrices": [
            {
              "Price": 589.9900,
              "Quantity": 20
            },
            {
              "Price": 589.9900,
              "Quantity": 1
            }
          ],
          "CreatedDate": "0001-01-01T00:00:00",
          "Id": "76e9dd5319ae4403ba187fc636cd0ed4"
        },
        {
          "Currency": "USD",
          "ListPrice": 599.0000,
          "SalePrice": 599.0000,
          "Sku": "SAG920F32GBB",
          "ProductId": "7c835a9b1c8e4445aa118dae659231c3",
          "CatalogId": "fake",
          "CategoryId": "fake",
          "Name": "Samsung Galaxy S6 SM-G920F 32GB (color: Black, internal Storage (GB): 32, memory Card Slot: False)",
          "ImageUrl": "http://virtocommerce.blob.core.windows.net/catalog/1431530477000_1147140.jpg",
          "SelectedTierPrice": {
            "Price": 599.0000,
            "Quantity": 1
          },
          "ProposalPrices": [
            {
              "Price": 599.0000,
              "Quantity": 1
            },
            {
              "Price": 599.0000,
              "Quantity": 30
            }
          ],
          "CreatedDate": "0001-01-01T00:00:00",
          "Id": "d2d447c09b1d4b708f8681d806bca1c5"
        }
      ],
      "Attachments": [],
      "OperationsLog": [],
      "IsCancelled": false,
      "ObjectType": "VirtoCommerce.Domain.Quote.Model.QuoteRequest",
      "DynamicProperties": [],
      "CreatedDate": "2016-10-09T13:01:17.417",
      "ModifiedDate": "2016-10-09T13:03:00.98",
      "CreatedBy": "frontend",
      "ModifiedBy": "admin",
      "Id": "c8de17d2c35947b9919e8f18fa82e186"
    },
    {
      "Number": "RFQ151009-00210",
      "StoreId": "Electronics",
      "IsAnonymous": false,
      "CustomerId": "5f807280-bb1a-42b2-9a96-ed107269ea06",
      "CustomerName": "Sam Green",
      "EnableNotification": false,
      "IsLocked": false,
      "Status": "Proposal sent",
      "Currency": "USD",
      "ManualShippingTotal": 0.0000,
      "ManualSubTotal": 0.0000,
      "ManualRelDiscountAmount": 10.00,
      "ShipmentMethod": {
        "ShipmentMethodCode": "FixedRate",
        "Price": 0.0
      },
      "Addresses": [],
      "Items": [
        {
          "Currency": "USD",
          "ListPrice": 249.9500,
          "SalePrice": 249.9500,
          "Sku": "MIL640X4GLWH",
          "ProductId": "1486f5a1a25f48a999189c081792a379",
          "CatalogId": "fake",
          "CategoryId": "fake",
          "Name": "Microsoft Lumia 640 XL RM-1065 8GB Dual SIM (color: White, internal Storage (GB): 8, memory Card Slot: True)",
          "Comment": "10% off?",
          "ImageUrl": "http://virtocommerce.blob.core.windows.net/catalog/1432753636000_1148739.jpg",
          "SelectedTierPrice": {
            "Price": 249.9500,
            "Quantity": 10
          },
          "ProposalPrices": [
            {
              "Price": 249.9500,
              "Quantity": 10
            },
            {
              "Price": 249.9500,
              "Quantity": 20
            }
          ],
          "CreatedDate": "0001-01-01T00:00:00",
          "Id": "cb07f106813946c5aadfc36acd0f84ae"
        }
      ],
      "Attachments": [],
      "OperationsLog": [],
      "IsCancelled": false,
      "ObjectType": "VirtoCommerce.Domain.Quote.Model.QuoteRequest",
      "DynamicProperties": [],
      "CreatedDate": "2016-10-09T13:11:37.33",
      "ModifiedDate": "2016-10-09T13:12:47.357",
      "CreatedBy": "frontend",
      "ModifiedBy": "admin",
      "Id": "e1cba2fa73d744be8d00819620eb9c22"
    },
    {
      "Number": "RFQ151009-00000",
      "StoreId": "Electronics",
      "IsAnonymous": false,
      "CustomerId": "d2d9b741-5453-4ad8-aa46-d07478b9a931",
      "CustomerName": "Barny Collins",
      "EnableNotification": false,
      "IsLocked": false,
      "Status": "Proposal sent",
      "Comment": "30% discount, please",
      "Currency": "USD",
      "ManualShippingTotal": 0.0000,
      "ManualSubTotal": 0.0000,
      "ManualRelDiscountAmount": 30.00,
      "ShipmentMethod": {
        "ShipmentMethodCode": "FixedRate",
        "Price": 0.0
      },
      "Addresses": [
        {
          "AddressType": 1,
          "Organization": "-",
          "CountryName": "United States",
          "City": "Eugene",
          "PostalCode": "97404",
          "Line1": "5851 E 13th Ave.",
          "RegionName": "Alabama",
          "FirstName": "Barny",
          "LastName": "Collins",
          "Phone": "541-459-5567",
          "Email": "barbar@example.com"
        },
        {
          "AddressType": 2,
          "Organization": "-",
          "CountryName": "United States",
          "City": "Eugene",
          "PostalCode": "97404",
          "Line1": "5851 E 13th Ave.",
          "RegionName": "Alabama",
          "FirstName": "Barny",
          "LastName": "Collins",
          "Phone": "541-459-5567",
          "Email": "barbar@example.com"
        }
      ],
      "Items": [
        {
          "Currency": "USD",
          "ListPrice": 223.3300,
          "SalePrice": 223.3300,
          "Sku": "WSA-70483494",
          "ProductId": "bde13edcd09a4ce9958059757640fbac",
          "CatalogId": "fake",
          "CategoryId": "fake",
          "Name": "Beats by Dre Powerbeats 2 In-ear Bluetooth Wireless Sport, Red (color: Red)",
          "ImageUrl": "http://virtocommerce.blob.core.windows.net/catalog/Beats-by-Dre-Powerbeats-2-In-ear-Bluetooth-Wireless-Sport-Headphones-f216d237-779c-48c5-82a8-51a0de248169.jpg",
          "SelectedTierPrice": {
            "Price": 223.3300,
            "Quantity": 15
          },
          "ProposalPrices": [
            {
              "Price": 223.3300,
              "Quantity": 15
            },
            {
              "Price": 223.3300,
              "Quantity": 1
            }
          ],
          "CreatedDate": "0001-01-01T00:00:00",
          "Id": "2a0eb091205244c492707f06af79e9e0"
        },
        {
          "Currency": "USD",
          "ListPrice": 223.3300,
          "SalePrice": 223.3300,
          "Sku": "CQA-70906082",
          "ProductId": "7252d30d493d4925adb9b586d09c6e09",
          "CatalogId": "fake",
          "CategoryId": "fake",
          "Name": "Beats by Dre Powerbeats 2 In-ear Bluetooth Wireless Sport, Pink (color: Pink)",
          "ImageUrl": "http://virtocommerce.blob.core.windows.net/catalog/Beats-by-Dre-Powerbeats-2-In-ear-Bluetooth-Wireless-Sport-Headphones-f216d237-779c-48c5-82a8-51a0de248169.jpg",
          "SelectedTierPrice": {
            "Price": 223.3300,
            "Quantity": 1
          },
          "ProposalPrices": [
            {
              "Price": 223.3300,
              "Quantity": 1
            },
            {
              "Price": 223.3300,
              "Quantity": 15
            }
          ],
          "CreatedDate": "0001-01-01T00:00:00",
          "Id": "877f461668b34dafab27e5414d642a52"
        },
        {
          "Currency": "USD",
          "ListPrice": 223.3300,
          "SalePrice": 223.3300,
          "Sku": "16993868",
          "ProductId": "6e7a31c35c814fb389dc2574aa142b63",
          "CatalogId": "fake",
          "CategoryId": "fake",
          "Name": "Beats by Dre Powerbeats 2 In-ear Bluetooth Wireless Sport (color: Blue)",
          "ImageUrl": "http://virtocommerce.blob.core.windows.net/catalog/Beats-by-Dre-Powerbeats-2-In-ear-Bluetooth-Wireless-Sport-Headphones-f216d237-779c-48c5-82a8-51a0de248169.jpg",
          "SelectedTierPrice": {
            "Price": 223.3300,
            "Quantity": 15
          },
          "ProposalPrices": [
            {
              "Price": 223.3300,
              "Quantity": 15
            },
            {
              "Price": 223.3300,
              "Quantity": 1
            }
          ],
          "CreatedDate": "0001-01-01T00:00:00",
          "Id": "c3ceb4134e444158bfb722db6c73f349"
        },
        {
          "Currency": "USD",
          "ListPrice": 223.3300,
          "SalePrice": 223.3300,
          "Sku": "CNL-11328398",
          "ProductId": "f7624d8ca3334998a46b1dac7d21c990",
          "CatalogId": "fake",
          "CategoryId": "fake",
          "Name": "Beats by Dre Powerbeats 2 In-ear Bluetooth Wireless Sport, Black (color: Black)",
          "ImageUrl": "http://virtocommerce.blob.core.windows.net/catalog/Beats-by-Dre-Powerbeats-2-In-ear-Bluetooth-Wireless-Sport-Headphones-f216d237-779c-48c5-82a8-51a0de248169.jpg",
          "SelectedTierPrice": {
            "Price": 223.3300,
            "Quantity": 1
          },
          "ProposalPrices": [
            {
              "Price": 223.3300,
              "Quantity": 1
            },
            {
              "Price": 223.3300,
              "Quantity": 15
            }
          ],
          "CreatedDate": "0001-01-01T00:00:00",
          "Id": "c74a6b3596094d09bbe32cd03df9d038"
        }
      ],
      "Attachments": [],
      "OperationsLog": [],
      "IsCancelled": false,
      "ObjectType": "VirtoCommerce.Domain.Quote.Model.QuoteRequest",
      "DynamicProperties": [],
      "CreatedDate": "2016-10-09T11:58:57.967",
      "ModifiedDate": "2016-10-09T12:11:24.057",
      "CreatedBy": "frontend",
      "ModifiedBy": "admin",
      "Id": "e4413ecf700649d886ec45ea724c0b69"
    },
    {
      "Number": "RFQ151009-00203",
      "StoreId": "Electronics",
      "IsAnonymous": false,
      "CustomerId": "820c58c5-b518-454b-aefd-2fc4616bd25e",
      "CustomerName": "Alex Starberg",
      "EnableNotification": false,
      "IsLocked": false,
      "Status": "Processing",
      "Currency": "USD",
      "ManualShippingTotal": 0.0000,
      "ManualSubTotal": 0.0000,
      "ManualRelDiscountAmount": 0.00,
      "Addresses": [],
      "Items": [
        {
          "Currency": "USD",
          "ListPrice": 4997.0000,
          "SalePrice": 4997.0000,
          "Sku": "SAUN65JS9500",
          "ProductId": "5de40fc944cd435f90b19869217f09bb",
          "CatalogId": "fake",
          "CategoryId": "fake",
          "Name": "Samsung JS9500 Series 65\"-Class 4K SUHD Smart 3D Curved LED TV (Title: Default Title)",
          "Comment": "or can get this for $4500?",
          "ImageUrl": "http://virtocommerce.blob.core.windows.net/catalog/1426804677000_1122018.jpg",
          "SelectedTierPrice": {
            "Price": 4997.0000,
            "Quantity": 1
          },
          "ProposalPrices": [
            {
              "Price": 4997.0000,
              "Quantity": 1
            }
          ],
          "CreatedDate": "0001-01-01T00:00:00",
          "Id": "ac1b67bffc1c479d94facf6ba65a4574"
        },
        {
          "Currency": "USD",
          "ListPrice": 4999.0000,
          "SalePrice": 4999.0000,
          "Sku": "LG55EG9600",
          "ProductId": "f1b26974b7634abaa0900e575a99476f",
          "CatalogId": "fake",
          "CategoryId": "fake",
          "Name": "LG EG9600 Series 55\"-Class 4K Smart Curved OLED 3D TV (Title: Default Title)",
          "Comment": "can get this for $4500?",
          "ImageUrl": "http://virtocommerce.blob.core.windows.net/catalog/1431446771000_1119832.jpg",
          "SelectedTierPrice": {
            "Price": 4999.0000,
            "Quantity": 1
          },
          "ProposalPrices": [
            {
              "Price": 4999.0000,
              "Quantity": 1
            }
          ],
          "CreatedDate": "0001-01-01T00:00:00",
          "Id": "efcb948f6d534c07983a057ba5d96b35"
        }
      ],
      "Attachments": [],
      "OperationsLog": [],
      "IsCancelled": false,
      "ObjectType": "VirtoCommerce.Domain.Quote.Model.QuoteRequest",
      "DynamicProperties": [],
      "CreatedDate": "2016-10-09T12:49:04.86",
      "ModifiedDate": "2016-10-09T12:50:22.113",
      "CreatedBy": "frontend",
      "ModifiedBy": "frontend",
      "Id": "f8ccf01f7222474897a11c3978ee4d79"
    }
  ]
}