﻿{
  "Sitemaps": [
    {
      "Location": "sitemap/vendor.xml",
      "StoreId": "Electronics",
      "Items": [],
      "UrlTemplate": "{slug}",
      "TotalItemsCount": 1,
      "PagedLocations": [],
      "CreatedDate": "2017-08-30T10:57:40.413",
      "ModifiedDate": "2017-08-30T10:57:40.413",
      "CreatedBy": "unknown",
      "ModifiedBy": "unknown",
      "Id": "007885500366414880da8d6e9ffda108"
    },
    {
      "Location": "sitemap/products.xml",
      "StoreId": "Clothing",
      "Items": [],
      "UrlTemplate": "{language}/{slug}",
      "TotalItemsCount": 3,
      "PagedLocations": [],
      "CreatedDate": "2017-08-30T10:57:40.413",
      "ModifiedDate": "2017-08-30T10:57:40.413",
      "CreatedBy": "unknown",
      "ModifiedBy": "unknown",
      "Id": "0345316ed6b14fb290fe44c2420fff7b"
    },
    {
      "Location": "sitemap/catalog.xml",
      "StoreId": "Electronics",
      "Items": [],
      "UrlTemplate": "{language}/{slug}",
      "TotalItemsCount": 5,
      "PagedLocations": [],
      "CreatedDate": "2017-08-30T10:57:40.413",
      "ModifiedDate": "2017-08-30T10:57:40.413",
      "CreatedBy": "unknown",
      "ModifiedBy": "unknown",
      "Id": "2c82debe589049a092543d41f675f233"
    },
    {
      "Location": "sitemap/blog.xml",
      "StoreId": "Electronics",
      "Items": [],
      "UrlTemplate": "{language}/{slug}",
      "TotalItemsCount": 3,
      "PagedLocations": [],
      "CreatedDate": "2017-08-30T10:57:40.413",
      "ModifiedDate": "2017-08-30T10:57:40.413",
      "CreatedBy": "unknown",
      "ModifiedBy": "unknown",
      "Id": "91f6cee7b46c4b0a93a4068754b75a9f"
    }
  ],
  "SitemapItems": [
    {
      "SitemapId": "0345316ed6b14fb290fe44c2420fff7b",
      "Title": "Dresses",
      "ImageUrl": "http://localhost/admin/assets/catalog/344394719.jpg",
      "ObjectId": "7c51d90394f145d0859810e38a48a41e",
      "ObjectType": "category",
      "ItemsRecords": [],
      "CreatedDate": "2017-08-30T10:57:40.493",
      "ModifiedDate": "2017-08-30T10:57:40.493",
      "CreatedBy": "unknown",
      "ModifiedBy": "unknown",
      "Id": "05c0e8a3f12f4a289a990ce45a69ed67"
    },
    {
      "SitemapId": "2c82debe589049a092543d41f675f233",
      "Title": "Camcorders",
      "ImageUrl": "http://localhost/admin/assets/catalog/1023206.jpg",
      "ObjectId": "45d3fc9a913d4610a5c7d0470558c4b2",
      "ObjectType": "category",
      "ItemsRecords": [],
      "CreatedDate": "2017-08-30T10:57:40.493",
      "ModifiedDate": "2017-08-30T10:57:40.493",
      "CreatedBy": "unknown",
      "ModifiedBy": "unknown",
      "Id": "0732a8fd70cb4bb5b7a81322671cfaa3"
    },
    {
      "SitemapId": "0345316ed6b14fb290fe44c2420fff7b",
      "Title": "Shoes & Boots",
      "ImageUrl": "http://localhost/admin/assets/catalog/MO049AWGCO07_1_v1.jpg",
      "ObjectId": "ac56b04c5da54f038c53852f62810f27",
      "ObjectType": "category",
      "ItemsRecords": [],
      "CreatedDate": "2017-08-30T10:57:40.493",
      "ModifiedDate": "2017-08-30T10:57:40.493",
      "CreatedBy": "unknown",
      "ModifiedBy": "unknown",
      "Id": "1088446f49624a9997f75b4e05857705"
    },
    {
      "SitemapId": "2c82debe589049a092543d41f675f233",
      "Title": "Televisions",
      "ImageUrl": "http://localhost/admin/assets/catalog/tv.jpg",
      "ObjectId": "c76774f9047d4f18a916b38681c50557",
      "ObjectType": "category",
      "ItemsRecords": [],
      "CreatedDate": "2017-08-30T10:57:40.493",
      "ModifiedDate": "2017-08-30T10:57:40.493",
      "CreatedBy": "unknown",
      "ModifiedBy": "unknown",
      "Id": "3e6844b107f7460bab431e140b0c71ff"
    },
    {
      "SitemapId": "2c82debe589049a092543d41f675f233",
      "Title": "Headphones",
      "ImageUrl": "http://localhost/admin/assets/catalog/headphones.jpg",
      "ObjectId": "4b50b398ff584af9b6d69c082c94844b",
      "ObjectType": "category",
      "ItemsRecords": [],
      "CreatedDate": "2017-08-30T10:57:40.493",
      "ModifiedDate": "2017-08-30T10:57:40.493",
      "CreatedBy": "unknown",
      "ModifiedBy": "unknown",
      "Id": "406a984aa3e24bef9c8d1ff5e1c9fca4"
    },
    {
      "SitemapId": "007885500366414880da8d6e9ffda108",
      "Title": "samsung",
      "ObjectId": "94597fe09f634914a5fdf76c6ba86b04",
      "ObjectType": "Vendor",
      "ItemsRecords": [],
      "CreatedDate": "2017-08-30T10:57:40.493",
      "ModifiedDate": "2017-08-30T10:57:40.493",
      "CreatedBy": "unknown",
      "ModifiedBy": "unknown",
      "Id": "5485a9ff28aa4bdea4f1d9f2c63b452a"
    },
    {
      "SitemapId": "2c82debe589049a092543d41f675f233",
      "Title": "Home Theater",
      "ImageUrl": "http://localhost/admin/assets/catalog/home theater.jpg",
      "ObjectId": "b1c093973bb24179bf130886b0477a18",
      "ObjectType": "category",
      "ItemsRecords": [],
      "CreatedDate": "2017-08-30T10:57:40.493",
      "ModifiedDate": "2017-08-30T10:57:40.493",
      "CreatedBy": "unknown",
      "ModifiedBy": "unknown",
      "Id": "65b9d109fc0645bb9417116cf2edb366"
    },
    {
      "SitemapId": "91f6cee7b46c4b0a93a4068754b75a9f",
      "Title": "blogs/news/awesome_post",
      "ObjectType": "Custom",
      "UrlTemplate": "blogs/news/awesome_post",
      "ItemsRecords": [],
      "CreatedDate": "2017-08-30T10:57:40.493",
      "ModifiedDate": "2017-08-30T10:57:40.493",
      "CreatedBy": "unknown",
      "ModifiedBy": "unknown",
      "Id": "6e0a24871800487bb1dc3b7c19b2373d"
    },
    {
      "SitemapId": "91f6cee7b46c4b0a93a4068754b75a9f",
      "Title": "blogs/news",
      "ObjectType": "Custom",
      "UrlTemplate": "blogs/news",
      "ItemsRecords": [],
      "CreatedDate": "2017-08-30T10:57:40.493",
      "ModifiedDate": "2017-08-30T10:57:40.493",
      "CreatedBy": "unknown",
      "ModifiedBy": "unknown",
      "Id": "6f7ac82fe8814016b4c4e05738500966"
    },
    {
      "SitemapId": "0345316ed6b14fb290fe44c2420fff7b",
      "Title": "Accessories",
      "ImageUrl": "http://localhost/admin/assets/catalog/1_5b4cfc96-3fe2-4ee2-a554-a57febd1c666_large.jpeg",
      "ObjectId": "8e4b6aa0df1a465799ab79bb54269c49",
      "ObjectType": "category",
      "ItemsRecords": [],
      "CreatedDate": "2017-08-30T10:57:40.493",
      "ModifiedDate": "2017-08-30T10:57:40.493",
      "CreatedBy": "unknown",
      "ModifiedBy": "unknown",
      "Id": "a62dda7834a54296b67d91c44db21ce9"
    },
    {
      "SitemapId": "91f6cee7b46c4b0a93a4068754b75a9f",
      "Title": "blogs/news/new_page2",
      "ObjectType": "Custom",
      "UrlTemplate": "blogs/news/new_page2",
      "ItemsRecords": [],
      "CreatedDate": "2017-08-30T10:57:40.493",
      "ModifiedDate": "2017-08-30T10:57:40.493",
      "CreatedBy": "unknown",
      "ModifiedBy": "unknown",
      "Id": "cc6a0201a37f46bb81a3d515fa72c995"
    },
    {
      "SitemapId": "2c82debe589049a092543d41f675f233",
      "Title": "Cell phones",
      "ImageUrl": "http://localhost/admin/assets/catalog/sell phones.jpg",
      "ObjectId": "0d4ad9bab9184d69a6e586effdf9c2ea",
      "ObjectType": "category",
      "ItemsRecords": [],
      "CreatedDate": "2017-08-30T10:57:40.493",
      "ModifiedDate": "2017-08-30T10:57:40.493",
      "CreatedBy": "unknown",
      "ModifiedBy": "unknown",
      "Id": "fdded563af9e4d8cb558b4e8bbdfff45"
    }
  ]
}